id,word,fast_meaning,example_sentence,source,sort_order,created_at,updated_at
1,aberrant,departing from the norm,The aberrant result was removed only after the lab found a recording error. | Such aberrant behavior is unusual for him. | The software crashed due to an aberrant code loop. | They studied the aberrant cell growth. | The weather has been completely aberrant lately.,sat_300_plus_vocab_dataset,11,2026-05-14 21:53:21.843548+00,2026-05-19 22:10:19.21454+00
2,abstruse,difficult to understand,The philosopher translated abstruse arguments into examples his audience could follow. | The physics lecture was far too abstruse. | She enjoys reading abstruse philosophical texts. | The manual was filled with abstruse terminology. | He struggled with the abstruse mathematical proof.,sat_300_plus_vocab_dataset,15,2026-05-14 21:53:21.843548+00,2026-05-19 22:10:19.21454+00
3,acerbic,sharp and biting in tone,His acerbic review mocked the film more than it analyzed it. | The comedian is known for his acerbic wit. | She wrote an acerbic letter to the editor. | His acerbic comments hurt her feelings. | The manager's acerbic tone created a hostile environment.,sat_300_plus_vocab_dataset,17,2026-05-14 21:53:21.843548+00,2026-05-19 22:10:19.21454+00
4,acrimonious,bitter and angry in tone,"The debate grew acrimonious when participants stopped addressing the evidence and began attacking one another. | The acrimonious exchange changed the passage’s tone, making the author’s attitude unmistakable. | Although the claim first appeared plausible, its acrimonious exchange became clear once the evidence was examined. | In the debate, the speaker’s acrimonious exchange mattered as much as the facts he presented. | A careful reader would notice how the acrimonious exchange reveals a deeper conflict beneath the surface.",sat_300_plus_vocab_dataset,100004,2026-05-14 21:53:21.843548+00,2026-05-19 22:10:17.012665+00
5,adamant,firmly unwilling to change,"Although the committee suggested revisions, the architect remained adamant that the original design was structurally sound. | The adamant witness changed the passage’s tone, making the author’s attitude unmistakable. | Although the claim first appeared plausible, its adamant witness became clear once the evidence was examined. | In the debate, the speaker’s adamant witness mattered as much as the facts he presented. | A careful reader would notice how the adamant witness reveals a deeper conflict beneath the surface.",sat_300_plus_vocab_dataset,100005,2026-05-14 21:53:21.843548+00,2026-05-19 22:10:17.012665+00
6,adroit,skillful and clever,An adroit negotiator can reveal disagreement without ending the conversation. | The mechanic was adroit at fixing old engines. | She made an adroit maneuver to avoid the crash. | His adroit handling of the press saved the campaign. | The adroit thief bypassed the alarm.,sat_300_plus_vocab_dataset,21,2026-05-14 21:53:21.843548+00,2026-05-19 22:10:19.21454+00
7,adulation,excessive and uncritical praise,The scientist valued careful criticism more than the adulation of admirers. | The pop star basked in the adulation of her fans. | He sought adulation from everyone he met. | Such blind adulation can be dangerous. | The team received massive adulation after the win.,sat_300_plus_vocab_dataset,22,2026-05-14 21:53:21.843548+00,2026-05-19 22:10:19.21454+00
8,affable,warm and easygoing,The affable host made even shy visitors feel included. | The new neighbor is incredibly affable. | She has an affable personality that draws people in. | He gave an affable wave to the crowd. | The affable clerk answered all our questions.,sat_300_plus_vocab_dataset,23,2026-05-14 21:53:21.843548+00,2026-05-19 22:10:19.21454+00
9,alacrity,eager readiness to act,She accepted the difficult assignment with alacrity because it matched her interests. | He responded to the emergency with alacrity. | They packed their bags with alacrity for the trip. | The dog fetched the ball with joyful alacrity. | She jumped at the opportunity with alacrity.,sat_300_plus_vocab_dataset,26,2026-05-14 21:53:21.843548+00,2026-05-19 22:10:19.21454+00
10,alienate,cause others to feel estranged,"The mayor’s dismissive comments threatened to alienate voters who had previously supported her. | The editorial tried to alienate moderate voters, but its evidence was too thin to persuade careful readers. | Rather than alienate moderate voters, the author acknowledged uncertainty and strengthened the argument. | The committee’s attempt to alienate moderate voters became a central issue in the investigation. | In the final paragraph, new testimony helps alienate moderate voters and changes the reader’s interpretation.",sat_300_plus_vocab_dataset,100010,2026-05-14 21:53:21.843548+00,2026-05-19 22:10:17.012665+00
11,allay,reduce fear or worry,Transparent data helped allay concerns about the vaccine's safety. | The principal spoke to allay the students' anxiety. | Nothing could allay his suspicion of the stranger. | The government tried to allay fears of a recession. | A warm cup of tea helped allay her nerves.,sat_300_plus_vocab_dataset,28,2026-05-14 21:53:21.843548+00,2026-05-19 22:10:19.21454+00
12,alleviate,make less severe,The new schedule alleviated crowding without increasing the school's budget. | The medicine helped alleviate the pain. | We must take steps to alleviate poverty. | A cold compress will alleviate the swelling. | He tried to alleviate her fears about the flight.,sat_300_plus_vocab_dataset,27,2026-05-14 21:53:21.843548+00,2026-05-19 22:10:19.21454+00
13,ambivalent,having mixed feelings,He felt ambivalent about the award because it rewarded work he now questioned. | She is ambivalent about moving to a new city. | The voters are ambivalent toward the new candidate. | I remain completely ambivalent about the movie. | His ambivalent attitude frustrated his team.,sat_300_plus_vocab_dataset,29,2026-05-14 21:53:21.843548+00,2026-05-19 22:10:19.21454+00
14,ameliorate,make a problem better,The charity hoped tutoring would ameliorate the effects of lost classroom time. | The new laws ameliorate the poor working conditions. | We need a plan to ameliorate the housing crisis. | Foreign aid helped ameliorate the famine. | The manager tried to ameliorate the customer's frustration.,sat_300_plus_vocab_dataset,30,2026-05-14 21:53:21.843548+00,2026-05-19 22:10:19.21454+00
15,amenable,open to persuasion,The council was amenable to revisions once residents proposed practical alternatives. | The children were amenable to trying the new vegetables. | He is rarely amenable to outside advice. | The schedule is completely amenable to change. | She proved amenable to the compromise.,sat_300_plus_vocab_dataset,31,2026-05-14 21:53:21.843548+00,2026-05-19 22:10:19.21454+00
16,amorphous,lacking clear shape or structure,"The group began with an amorphous goal, but weekly meetings gradually produced a detailed plan. | The amorphous plan changed the passage’s tone, making the author’s attitude unmistakable. | Although the claim first appeared plausible, its amorphous plan became clear once the evidence was examined. | In the debate, the speaker’s amorphous plan mattered as much as the facts he presented. | A careful reader would notice how the amorphous plan reveals a deeper conflict beneath the surface.",sat_300_plus_vocab_dataset,100016,2026-05-14 21:53:21.843548+00,2026-05-19 22:10:17.012665+00
17,anachronistic,out of its time,The novel's anachronistic slang made the ancient setting feel oddly modern. | The director used anachronistic music in the period film. | His views on gender roles are completely anachronistic. | The castle features anachronistic electric lighting. | The sword in the modern setting was deliberately anachronistic.,sat_300_plus_vocab_dataset,32,2026-05-14 21:53:21.843548+00,2026-05-19 22:10:19.21454+00
18,ancillary,supporting the main purpose,"The museum’s ancillary programs, including workshops and lectures, deepened visitors’ understanding of the exhibition. | The ancillary evidence changed the passage’s tone, making the author’s attitude unmistakable. | Although the claim first appeared plausible, its ancillary evidence became clear once the evidence was examined. | In the debate, the speaker’s ancillary evidence mattered as much as the facts he presented. | A careful reader would notice how the ancillary evidence reveals a deeper conflict beneath the surface.",sat_300_plus_vocab_dataset,100018,2026-05-14 21:53:21.843548+00,2026-05-19 22:10:17.012665+00
19,anodyne,inoffensive or soothing,The candidate offered anodyne remarks that pleased everyone and clarified little. | The music was anodyne background noise. | She took an anodyne pill for her headache. | The corporate statement was entirely anodyne. | He offered an anodyne apology to avoid conflict.,sat_300_plus_vocab_dataset,33,2026-05-14 21:53:21.843548+00,2026-05-19 22:10:19.21454+00
20,anomalous,unusual or unexpected,The anomalous spike in sales puzzled analysts until a holiday promotion was found. | It was an anomalous warm day in the middle of winter. | The test produced anomalous results. | They investigated the anomalous radio signals. | Such anomalous behavior is cause for concern.,sat_300_plus_vocab_dataset,34,2026-05-14 21:53:21.843548+00,2026-05-19 22:10:19.21454+00
21,antagonistic,actively opposed or hostile,The two researchers were antagonistic in debate but respectful in print. | The crowd became antagonistic toward the referee. | He took an antagonistic stance during the meeting. | The rival gangs are highly antagonistic. | Her antagonistic remarks started a fight.,sat_300_plus_vocab_dataset,35,2026-05-14 21:53:21.843548+00,2026-05-19 22:10:19.21454+00
22,antipathy,strong feeling of dislike,His antipathy toward bureaucracy made the detailed application especially frustrating. | The cat showed a clear antipathy toward the new dog. | There is a historical antipathy between the two nations. | She felt a deep antipathy for dishonest people. | His antipathy to loud noises makes concerts impossible.,sat_300_plus_vocab_dataset,36,2026-05-14 21:53:21.843548+00,2026-05-19 22:10:19.21454+00
23,antithetical,directly opposed in nature,The secretive process was antithetical to the group's stated commitment to transparency. | His luxurious lifestyle is antithetical to his charitable claims. | War is antithetical to the principles of peace. | The two philosophies are completely antithetical. | Her actions were antithetical to the company's core values.,sat_300_plus_vocab_dataset,37,2026-05-14 21:53:21.843548+00,2026-05-19 22:10:19.21454+00
24,apocryphal,probably not authentic,The apocryphal story about the inventor survives because it is memorable. | The quote attributed to him is widely considered apocryphal. | She dismissed the rumor as an apocryphal tale. | History is full of apocryphal legends. | The apocryphal gospel was never included in the official text.,sat_300_plus_vocab_dataset,39,2026-05-14 21:53:21.843548+00,2026-05-19 22:10:19.21454+00
25,appease,calm by giving in,The company lowered fees to appease customers after the outage. | He bought her flowers to appease her anger. | The government tried to appease the rebels with land. | Nothing could appease the crying toddler. | They made concessions to appease the furious investors.,sat_300_plus_vocab_dataset,40,2026-05-14 21:53:21.843548+00,2026-05-19 22:10:19.21454+00
26,arbitrary,based on whim,The deadline seemed arbitrary because no one could explain why it mattered. | The judge's ruling felt completely arbitrary. | The rules were enforced in an arbitrary manner. | He made an arbitrary decision to paint the room green. | An arbitrary limit was placed on the number of attendees.,sat_300_plus_vocab_dataset,42,2026-05-14 21:53:21.843548+00,2026-05-19 22:10:19.21454+00
27,arcane,known by few,The manual was full of arcane terms that confused new technicians. | He studies arcane religious rituals. | The building's architecture involves arcane geometric principles. | She possesses arcane knowledge of medieval herbs. | The arcane rules of the club are never written down.,sat_300_plus_vocab_dataset,43,2026-05-14 21:53:21.843548+00,2026-05-19 22:10:19.21454+00
28,ardent,deeply enthusiastic or passionate,An ardent defender of libraries spoke at every budget meeting. | He is an ardent supporter of the local football team. | The poet was an ardent lover of nature. | She has an ardent desire to travel the world. | His ardent speech inspired the crowd.,sat_300_plus_vocab_dataset,44,2026-05-14 21:53:21.843548+00,2026-05-19 22:10:19.21454+00
29,arduous,requiring great effort,The arduous climb rewarded hikers with a view of the entire valley. | Writing the encyclopedia was an arduous task. | They survived an arduous journey across the desert. | The recovery from the surgery will be arduous. | He faced an arduous battle in court.,sat_300_plus_vocab_dataset,45,2026-05-14 21:53:21.843548+00,2026-05-19 22:10:19.21454+00
30,assiduous,hardworking and persistent,Through assiduous research the student found patterns that earlier readers had missed. | He was assiduous in his daily training. | The team made assiduous efforts to repair the bridge. | She is an assiduous reader of history. | Assiduous practice leads to mastery.,sat_300_plus_vocab_dataset,4,2026-05-14 21:53:21.843548+00,2026-05-19 22:10:19.21454+00
31,astute,shrewd and perceptive,The astute critic noticed how the painting echoed earlier political posters. | She is an astute observer of human behavior. | His astute investments made him wealthy. | An astute manager anticipates problems before they happen. | The detective made an astute deduction based on the footprints.,sat_300_plus_vocab_dataset,50,2026-05-14 21:53:21.843548+00,2026-05-19 22:10:19.21454+00
32,austere,plain and severe,The austere building used bare concrete rather than decorative stone. | The headmaster was an austere man who rarely smiled. | They lived an austere life on the remote farm. | The austere landscape had a harsh beauty. | The budget required austere financial measures.,sat_300_plus_vocab_dataset,52,2026-05-14 21:53:21.843548+00,2026-05-19 22:10:19.21454+00
33,authoritative,reliable and commanding trust,"The article became authoritative because it synthesized decades of evidence rather than relying on a single study. | The authoritative source changed the passage’s tone, making the author’s attitude unmistakable. | Although the claim first appeared plausible, its authoritative source became clear once the evidence was examined. | In the debate, the speaker’s authoritative source mattered as much as the facts he presented. | A careful reader would notice how the authoritative source reveals a deeper conflict beneath the surface.",sat_300_plus_vocab_dataset,100033,2026-05-14 21:53:21.843548+00,2026-05-19 22:10:17.012665+00
34,autonomous,self-governing or independent,"The laboratory designed an autonomous drone that could map forests without constant human control. | The autonomous community changed the passage’s tone, making the author’s attitude unmistakable. | Although the claim first appeared plausible, its autonomous community became clear once the evidence was examined. | In the debate, the speaker’s autonomous community mattered as much as the facts he presented. | A careful reader would notice how the autonomous community reveals a deeper conflict beneath the surface.",sat_300_plus_vocab_dataset,100034,2026-05-14 21:53:21.843548+00,2026-05-19 22:10:17.012665+00
35,aversion,strong feeling of dislike,Her aversion to shortcuts made her a careful but slow editor. | I have a deep aversion to raw fish. | His aversion to public speaking is well known. | She felt a sudden aversion to the loud music. | He overcame his aversion to flying by taking lessons.,sat_300_plus_vocab_dataset,55,2026-05-14 21:53:21.843548+00,2026-05-19 22:10:19.21454+00
36,banal,dull and unoriginal,The speech relied on banal slogans instead of specific plans. | The pop song's lyrics were completely banal. | He made a banal comment about the weather. | The movie was full of banal plot twists. | She was bored by the banal conversation at the party.,sat_300_plus_vocab_dataset,56,2026-05-14 21:53:21.843548+00,2026-05-19 22:10:19.21454+00
37,belie,give a false impression,His calm voice belied the anxiety he felt before the interview. | The peaceful landscape belies the region's violent history. | Her youthful energy belies her true age. | His smile belied the anger in his eyes. | The simple design belies the machine's complex function.,sat_300_plus_vocab_dataset,57,2026-05-14 21:53:21.843548+00,2026-05-19 22:10:19.21454+00
38,bellicose,eager for conflict or war,"The senator’s bellicose rhetoric alarmed diplomats who hoped to preserve negotiations. | The bellicose speech changed the passage’s tone, making the author’s attitude unmistakable. | Although the claim first appeared plausible, its bellicose speech became clear once the evidence was examined. | In the debate, the speaker’s bellicose speech mattered as much as the facts he presented. | A careful reader would notice how the bellicose speech reveals a deeper conflict beneath the surface.",sat_300_plus_vocab_dataset,100038,2026-05-14 21:53:21.843548+00,2026-05-19 22:10:17.012665+00
39,benign,gentle or harmless,The rumor proved benign once the full context became public. | The doctor assured him the tumor was benign. | She has a benign smile that puts everyone at ease. | The climate in this region is quite benign. | The chemical is benign and safe for the environment.,sat_300_plus_vocab_dataset,59,2026-05-14 21:53:21.843548+00,2026-05-19 22:10:19.21454+00
40,bolster,strengthen or support,The archaeologist used carbon dating to bolster her interpretation of the site. | More pillows were added to bolster the injured leg. | The unexpected praise helped bolster his confidence. | They sent reinforcements to bolster the defense line. | The evidence serves to bolster the prosecutor's case.,sat_300_plus_vocab_dataset,60,2026-05-14 21:53:21.843548+00,2026-05-19 22:10:19.21454+00
41,bombastic,overblown and pretentious,"The mayor’s bombastic speech used grand phrases but offered few specific plans. | The bombastic oration changed the passage’s tone, making the author’s attitude unmistakable. | Although the claim first appeared plausible, its bombastic oration became clear once the evidence was examined. | In the debate, the speaker’s bombastic oration mattered as much as the facts he presented. | A careful reader would notice how the bombastic oration reveals a deeper conflict beneath the surface.",sat_300_plus_vocab_dataset,100041,2026-05-14 21:53:21.843548+00,2026-05-19 22:10:17.012665+00
42,brevity,concise use of words,The editor praised the essay's brevity because every sentence served a purpose. | The brevity of the meeting was a pleasant surprise. | Poetry relies heavily on brevity and impact. | He is known for the extreme brevity of his emails. | The brevity of human life is a common theme in literature.,sat_300_plus_vocab_dataset,62,2026-05-14 21:53:21.843548+00,2026-05-19 22:10:19.21454+00
43,brusque,abrupt and curt,The clerk's brusque reply made the routine request feel unwelcome. | The doctor was brusque but highly efficient. | A brusque dismissal ended the conversation instantly. | Her brusque manner often offended new acquaintances. | He gave a brusque nod and walked away.,sat_300_plus_vocab_dataset,63,2026-05-14 21:53:21.843548+00,2026-05-19 22:10:19.21454+00
44,burgeon,grow or expand rapidly,Interest in urban gardening began to burgeon after the city offered vacant lots. | The town's population began to burgeon during the gold rush. | The burgeon of new technologies changed the industry. | Her confidence burgeoned as she won more matches. | The local art scene is burgeoning.,sat_300_plus_vocab_dataset,64,2026-05-14 21:53:21.843548+00,2026-05-19 22:10:19.21454+00
45,cacophonous,harsh or jarring in sound,"The market was cacophonous at noon, with vendors calling out prices over the rumble of traffic. | The cacophonous hallway changed the passage’s tone, making the author’s attitude unmistakable. | Although the claim first appeared plausible, its cacophonous hallway became clear once the evidence was examined. | In the debate, the speaker’s cacophonous hallway mattered as much as the facts he presented. | A careful reader would notice how the cacophonous hallway reveals a deeper conflict beneath the surface.",sat_300_plus_vocab_dataset,100045,2026-05-14 21:53:21.843548+00,2026-05-19 22:10:17.012665+00
46,candid,honest and direct,The mentor's candid feedback helped the writer improve the weak conclusion. | Let me be perfectly candid with you about your performance. | The photographer caught a candid moment of laughter. | She gave a candid interview about her struggles. | His candid admission of guilt was refreshing.,sat_300_plus_vocab_dataset,67,2026-05-14 21:53:21.843548+00,2026-05-19 22:10:19.21454+00
47,capricious,changing in unpredictable ways,The capricious weather forced organizers to move the concert indoors twice. | The capricious king changed his mind daily. | Her capricious moods made her hard to work with. | The stock market is famously capricious. | It was a capricious decision based on no logic.,sat_300_plus_vocab_dataset,68,2026-05-14 21:53:21.843548+00,2026-05-19 22:10:19.21454+00
48,catalyst,thing that triggers change,"The court decision became a catalyst for reforms that had been discussed for years. | The discovery served as a catalyst, transforming a minor dispute into a national debate. | In the essay, the small incident becomes a catalyst for broader social change. | Historians later treated the event as a catalyst because it revealed tensions that had been hidden for years. | The author uses the storm as a catalyst, hinting that a more serious conflict is approaching.",sat_300_plus_vocab_dataset,100048,2026-05-14 21:53:21.843548+00,2026-05-19 22:10:17.012665+00
49,caustic,harshly critical or biting,Her caustic comments damaged morale even when her points were accurate. | The caustic chemical burned a hole in the fabric. | He is known for his caustic sense of humor. | The critic wrote a caustic review of the play. | She delivered a caustic reply that silenced the room.,sat_300_plus_vocab_dataset,71,2026-05-14 21:53:21.843548+00,2026-05-19 22:10:19.21454+00
50,censure,officially criticize or condemn,The board voted to censure the official for concealing the audit. | The senator faced public censure for his remarks. | The newspaper's editorial was a severe censure of the mayor. | The medical council censured the doctor's unethical practices. | She narrowly avoided formal censure by apologizing.,sat_300_plus_vocab_dataset,72,2026-05-14 21:53:21.843548+00,2026-05-19 22:10:19.21454+00
51,chary,cautious and reluctant,"Having seen similar programs fail, the superintendent was chary of adopting the new software immediately. | The chary investor changed the passage’s tone, making the author’s attitude unmistakable. | Although the claim first appeared plausible, its chary investor became clear once the evidence was examined. | In the debate, the speaker’s chary investor mattered as much as the facts he presented. | A careful reader would notice how the chary investor reveals a deeper conflict beneath the surface.",sat_300_plus_vocab_dataset,100051,2026-05-14 21:53:21.843548+00,2026-05-19 22:10:17.012665+00
52,charlatan,fraud pretending to have expertise,"The pamphlet exposed the supposed healer as a charlatan who sold useless remedies. | The prosecutor portrayed him as a charlatan, arguing that his polished language concealed a lack of real expertise. | Even sympathetic observers began to doubt the charlatan when his credentials could not be verified. | In the passage, the charlatan gains influence by exploiting the public’s desire for easy answers. | The narrator contrasts the charlatan with a careful scholar who admits the limits of her knowledge.",sat_300_plus_vocab_dataset,100052,2026-05-14 21:53:21.843548+00,2026-05-19 22:10:17.012665+00
53,circumspect,careful to avoid risk,The historian was circumspect when judging a source with an unknown author. | The bank is circumspect about lending money now. | He was circumspect in his responses to the press. | A circumspect approach is needed here. | She took a circumspect look around the room.,sat_300_plus_vocab_dataset,9,2026-05-14 21:53:21.843548+00,2026-05-19 22:10:19.21454+00
54,circumvent,find a way around,"The company tried to circumvent the regulation by moving the records to a foreign server. | The editorial tried to circumvent the safety rules, but its evidence was too thin to persuade careful readers. | Rather than circumvent the safety rules, the author acknowledged uncertainty and strengthened the argument. | The committee’s attempt to circumvent the safety rules became a central issue in the investigation. | In the final paragraph, new testimony helps circumvent the safety rules and changes the reader’s interpretation.",sat_300_plus_vocab_dataset,100054,2026-05-14 21:53:21.843548+00,2026-05-19 22:10:17.012665+00
55,clandestine,secret and concealed,The journalists uncovered a clandestine effort to influence the study. | They held clandestine meetings in the basement. | The spy ran a clandestine operation across the border. | Their clandestine romance was finally discovered. | The group planned a clandestine escape.,sat_300_plus_vocab_dataset,76,2026-05-14 21:53:21.843548+00,2026-05-19 22:10:19.21454+00
56,coalesce,come together into one,Several small protests coalesced into a national movement for reform. | The puddles coalesced into a large stream. | The various ideas finally coalesced into a single plan. | The factions coalesced to fight a common enemy. | The stars coalesced from clouds of gas and dust.,sat_300_plus_vocab_dataset,77,2026-05-14 21:53:21.843548+00,2026-05-19 22:10:19.21454+00
57,coerce,force by pressure or threats,"The study excluded responses from participants who felt coerced rather than freely willing to participate. | The editorial tried to coerce witnesses into silence, but its evidence was too thin to persuade careful readers. | Rather than coerce witnesses into silence, the author acknowledged uncertainty and strengthened the argument. | The committee’s attempt to coerce witnesses into silence became a central issue in the investigation. | In the final paragraph, new testimony helps coerce witnesses into silence and changes the reader’s interpretation.",sat_300_plus_vocab_dataset,100057,2026-05-14 21:53:21.843548+00,2026-05-19 22:10:17.012665+00
58,cogent,clear and convincing,The essay became more cogent after the writer replaced anecdotes with evidence. | She presented a cogent argument for the budget increase. | His explanation was surprisingly cogent. | We need a more cogent strategy. | The lawyer's cogent defense swayed the jury.,sat_300_plus_vocab_dataset,5,2026-05-14 21:53:21.843548+00,2026-05-19 22:10:19.21454+00
59,commensurate,equal in measure,The punishment seemed commensurate with the offense rather than excessive. | Her salary is commensurate with her extensive experience. | The size of the reward was commensurate to the risk taken. | They requested a budget commensurate with their needs. | His response was completely commensurate with the threat.,sat_300_plus_vocab_dataset,79,2026-05-14 21:53:21.843548+00,2026-05-19 22:10:19.21454+00
60,complacent,self satisfied and unaware,Early success made the team complacent and less attentive to errors. | We cannot afford to become complacent about security. | The complacent student failed the final exam. | The company lost its edge due to complacent management. | His complacent smile annoyed his hard-working peers.,sat_300_plus_vocab_dataset,80,2026-05-14 21:53:21.843548+00,2026-05-19 22:10:19.21454+00
61,conciliatory,intended to reduce conflict,The manager adopted a conciliatory tone after the meeting grew tense. | She offered a conciliatory gesture to end the argument. | The diplomat's conciliatory approach prevented a war. | He wrote a conciliatory letter of apology. | The union leaders accepted the conciliatory offer.,sat_300_plus_vocab_dataset,81,2026-05-14 21:53:21.843548+00,2026-05-19 22:10:19.21454+00
62,conducive,helping something happen,"A quiet room and clear schedule are conducive to the kind of sustained reading the course requires. | The conducive environment changed the passage’s tone, making the author’s attitude unmistakable. | Although the claim first appeared plausible, its conducive environment became clear once the evidence was examined. | In the debate, the speaker’s conducive environment mattered as much as the facts he presented. | A careful reader would notice how the conducive environment reveals a deeper conflict beneath the surface.",sat_300_plus_vocab_dataset,100062,2026-05-14 21:53:21.843548+00,2026-05-19 22:10:17.012665+00
63,conjecture,guess based on incomplete evidence,"The archaeologist described her claim as conjecture until additional pottery fragments could be analyzed. | The scholar presented the idea as a conjecture, not as a conclusion supported by complete evidence. | The passage depends on a conjecture that readers are expected to question rather than accept. | By invoking a conjecture, the author exposes the gap between public appearance and private motive. | The debate turned on a conjecture, since no witness could provide decisive proof.",sat_300_plus_vocab_dataset,100063,2026-05-14 21:53:21.843548+00,2026-05-19 22:10:17.012665+00
64,consequential,having important effects,"A seemingly small change in the voting rules proved consequential in the final outcome. | The consequential decision changed the passage’s tone, making the author’s attitude unmistakable. | Although the claim first appeared plausible, its consequential decision became clear once the evidence was examined. | In the debate, the speaker’s consequential decision mattered as much as the facts he presented. | A careful reader would notice how the consequential decision reveals a deeper conflict beneath the surface.",sat_300_plus_vocab_dataset,100064,2026-05-14 21:53:21.843548+00,2026-05-19 22:10:17.012665+00
65,construe,interpret in a way,Readers may construe the ending as hopeful rather than tragic. | How do you construe the meaning of this ancient text? | His silence was construed as agreement. | I construed her remark as a compliment. | The law can be construed in several different ways.,sat_300_plus_vocab_dataset,84,2026-05-14 21:53:21.843548+00,2026-05-19 22:10:19.21454+00
66,contentious,likely to cause disagreement,The contentious proposal divided residents who otherwise shared similar goals. | The divorce proceedings were highly contentious. | Gun control is a deeply contentious issue. | The board had a contentious debate over the budget. | He has a contentious personality and loves to argue.,sat_300_plus_vocab_dataset,85,2026-05-14 21:53:21.843548+00,2026-05-19 22:10:19.21454+00
67,contemptuous,showing scorn or disrespect,"The review was contemptuous of the sequel, calling it a louder version of a weaker story. | The contemptuous remark changed the passage’s tone, making the author’s attitude unmistakable. | Although the claim first appeared plausible, its contemptuous remark became clear once the evidence was examined. | In the debate, the speaker’s contemptuous remark mattered as much as the facts he presented. | A careful reader would notice how the contemptuous remark reveals a deeper conflict beneath the surface.",sat_300_plus_vocab_dataset,100067,2026-05-14 21:53:21.843548+00,2026-05-19 22:10:17.012665+00
68,contrite,genuinely sorry for wrongdoing,The contrite student revised the article and acknowledged the error publicly. | He wrote a contrite apology letter to his friend. | The thief seemed contrite before the judge. | A contrite heart is the first step to forgiveness. | She offered a genuinely contrite expression.,sat_300_plus_vocab_dataset,86,2026-05-14 21:53:21.843548+00,2026-05-19 22:10:19.21454+00
69,convoluted,complicated in unnecessary ways,The instructions were so convoluted that experienced volunteers made mistakes. | The movie's plot was excessively convoluted. | The lawyer's convoluted argument confused the jury. | We got lost in the convoluted maze of city streets. | The tax code is famously convoluted.,sat_300_plus_vocab_dataset,89,2026-05-14 21:53:21.843548+00,2026-05-19 22:10:19.21454+00
70,copious,abundant and plentiful,The archive contained copious letters from the poet's later years. | She took copious notes during the long lecture. | The feast included copious amounts of food and wine. | He suffered copious bleeding from the wound. | The region receives copious rainfall in the spring.,sat_300_plus_vocab_dataset,92,2026-05-14 21:53:21.843548+00,2026-05-19 22:10:19.21454+00
71,corroborate,confirm with evidence,Two photographs corroborated the witness's account of the event. | The DNA evidence corroborates the suspect's alibi. | Recent studies corroborate the earlier findings. | He needed someone to corroborate his story. | The ancient texts corroborate the existence of the lost city.,sat_300_plus_vocab_dataset,90,2026-05-14 21:53:21.843548+00,2026-05-19 22:10:19.21454+00
72,credulous,too ready to believe,A credulous audience accepted the hoax before experts examined it. | The credulous investor lost all his money in the scam. | Children are naturally credulous. | The cult leader exploited his credulous followers. | A credulous public easily falls for sensational news.,sat_300_plus_vocab_dataset,93,2026-05-14 21:53:21.843548+00,2026-05-19 22:10:19.21454+00
73,cursory,quick and superficial,A cursory reading missed the irony that shaped the passage. | The guard gave the ID badge a cursory glance. | The mechanic did a cursory inspection of the engine. | A cursory search of the room turned up nothing. | She offered a cursory apology before rushing off.,sat_300_plus_vocab_dataset,94,2026-05-14 21:53:21.843548+00,2026-05-19 22:10:19.21454+00
74,debunk,show that a claim is false,"The article sought to debunk the myth that the invention was created by one person alone. | The editorial tried to debunk a persistent myth, but its evidence was too thin to persuade careful readers. | Rather than debunk a persistent myth, the author acknowledged uncertainty and strengthened the argument. | The committee’s attempt to debunk a persistent myth became a central issue in the investigation. | In the final paragraph, new testimony helps debunk a persistent myth and changes the reader’s interpretation.",sat_300_plus_vocab_dataset,100074,2026-05-14 21:53:21.843548+00,2026-05-19 22:10:17.012665+00
75,decorum,proper behavior or restraint,"The judge insisted on decorum, reminding the audience that applause was inappropriate in court. | The scholar presented the idea as a decorum, not as a conclusion supported by complete evidence. | The passage depends on a decorum that readers are expected to question rather than accept. | By invoking a decorum, the author exposes the gap between public appearance and private motive. | The debate turned on a decorum, since no witness could provide decisive proof.",sat_300_plus_vocab_dataset,100075,2026-05-14 21:53:21.843548+00,2026-05-19 22:10:17.012665+00
76,deferential,showing respectful submission,"The interviewer was deferential to the scientist but still pressed her on the study’s limitations. | The deferential reply changed the passage’s tone, making the author’s attitude unmistakable. | Although the claim first appeared plausible, its deferential reply became clear once the evidence was examined. | In the debate, the speaker’s deferential reply mattered as much as the facts he presented. | A careful reader would notice how the deferential reply reveals a deeper conflict beneath the surface.",sat_300_plus_vocab_dataset,100076,2026-05-14 21:53:21.843548+00,2026-05-19 22:10:17.012665+00
77,deleterious,harmful over time,The chemical had a deleterious effect on the plants after repeated exposure. | Smoking is highly deleterious to your lungs. | The policy had deleterious consequences for the economy. | Gossip can be deleterious to workplace morale. | He ignored the deleterious impact of his diet.,sat_300_plus_vocab_dataset,10,2026-05-14 21:53:21.843548+00,2026-05-19 22:10:19.21454+00
78,delineate,describe or outline clearly,The map delineated the disputed border more precisely than earlier surveys. | The contract clearly delineates the responsibilities of each party. | He delineated his plan for the company's future. | The law delineates exactly what constitutes fraud. | The boundary was delineated by a row of trees.,sat_300_plus_vocab_dataset,101,2026-05-14 21:53:21.843548+00,2026-05-19 22:10:19.21454+00
79,denigrate,criticize unfairly or harshly,The review denigrated popular fiction without examining its artistic methods. | Bullies often denigrate their victims to feel powerful. | The candidate denigrated his opponent's record in office. | You shouldn't denigrate her hard work just because you disagree. | The newspaper denigrated the movement as a fad.,sat_300_plus_vocab_dataset,102,2026-05-14 21:53:21.843548+00,2026-05-19 22:10:19.21454+00
80,deplore,strongly disapprove of,"The editorial did not merely question the policy; it deplored the secrecy with which it was adopted. | The editorial tried to deplore the committee’s secrecy, but its evidence was too thin to persuade careful readers. | Rather than deplore the committee’s secrecy, the author acknowledged uncertainty and strengthened the argument. | The committee’s attempt to deplore the committee’s secrecy became a central issue in the investigation. | In the final paragraph, new testimony helps deplore the committee’s secrecy and changes the reader’s interpretation.",sat_300_plus_vocab_dataset,100080,2026-05-14 21:53:21.843548+00,2026-05-19 22:10:17.012665+00
81,deride,mock or ridicule openly,"Opponents derided the plan as naive, though later data showed that it reduced congestion. | The editorial tried to deride the compromise as naive, but its evidence was too thin to persuade careful readers. | Rather than deride the compromise as naive, the author acknowledged uncertainty and strengthened the argument. | The committee’s attempt to deride the compromise as naive became a central issue in the investigation. | In the final paragraph, new testimony helps deride the compromise as naive and changes the reader’s interpretation.",sat_300_plus_vocab_dataset,100081,2026-05-14 21:53:21.843548+00,2026-05-19 22:10:17.012665+00
82,derivative,lacking in original qualities,Critics found the sequel derivative because it repeated the first film's twists. | The band's new album feels highly derivative of earlier rock music. | The artwork is derivative and lacks imagination. | His thesis is just a derivative summary of existing research. | The recipe is merely a derivative of a classic French dish.,sat_300_plus_vocab_dataset,104,2026-05-14 21:53:21.843548+00,2026-05-19 22:10:19.21454+00
83,despondent,deeply discouraged or hopeless,The team grew despondent after repeated failures but continued testing the design. | He became despondent when he lost his job. | The despondent dog waited by the door for its owner. | A despondent mood settled over the ruined city. | She felt utterly despondent after the breakup.,sat_300_plus_vocab_dataset,105,2026-05-14 21:53:21.843548+00,2026-05-19 22:10:19.21454+00
84,desultory,lacking clear plan,Their desultory discussion wandered from funding to furniture without solving anything. | He made a desultory attempt to clean his room. | The students had a desultory conversation during the break. | The investigation was conducted in a desultory manner. | She gave a desultory wave as the train departed.,sat_300_plus_vocab_dataset,106,2026-05-14 21:53:21.843548+00,2026-05-19 22:10:19.21454+00
85,detractor,person who criticizes something,"Even the project’s most persistent detractor admitted that the final design improved the park. | The prosecutor portrayed him as a detractor, arguing that his polished language concealed a lack of real expertise. | Even sympathetic observers began to doubt the detractor when his credentials could not be verified. | In the passage, the detractor gains influence by exploiting the public’s desire for easy answers. | The narrator contrasts the detractor with a careful scholar who admits the limits of her knowledge.",sat_300_plus_vocab_dataset,100085,2026-05-14 21:53:21.843548+00,2026-05-19 22:10:17.012665+00
86,didactic,intended to teach,The novel is didactic but never forgets to tell an engaging story. | The children's show is both entertaining and didactic. | His tone was overly didactic and patronizing. | The museum exhibit has a clear didactic purpose. | The fable ends with a didactic moral.,sat_300_plus_vocab_dataset,109,2026-05-14 21:53:21.843548+00,2026-05-19 22:10:19.21454+00
87,diffident,shy and lacking confidence,The diffident speaker became more assured after the audience responded warmly. | The diffident child hid behind his mother's legs. | She gave a diffident smile when praised. | He was too diffident to ask for a raise. | A diffident knock at the door announced the visitor.,sat_300_plus_vocab_dataset,110,2026-05-14 21:53:21.843548+00,2026-05-19 22:10:19.21454+00
88,digress,stray from the main point,"The lecturer began to digress, moving from climate data to a story about his childhood garden. | The editorial tried to digress from the central thesis, but its evidence was too thin to persuade careful readers. | Rather than digress from the central thesis, the author acknowledged uncertainty and strengthened the argument. | The committee’s attempt to digress from the central thesis became a central issue in the investigation. | In the final paragraph, new testimony helps digress from the central thesis and changes the reader’s interpretation.",sat_300_plus_vocab_dataset,100088,2026-05-14 21:53:21.843548+00,2026-05-19 22:10:17.012665+00
89,dilatory,tending to cause delay,The senator's dilatory tactics postponed the vote for another week. | The contractor's dilatory work caused the project to run late. | Stop making dilatory excuses and start working. | The legal team used dilatory motions to stall the trial. | Her dilatory response frustrated the client.,sat_300_plus_vocab_dataset,111,2026-05-14 21:53:21.843548+00,2026-05-19 22:10:19.21454+00
90,discerning,showing good judgment,A discerning reader notices how the narrator avoids difficult questions. | The discerning customer spotted the flaw in the fabric. | He is a discerning judge of fine wine. | A discerning eye is required to appreciate this art. | The hiring manager made a highly discerning choice.,sat_300_plus_vocab_dataset,114,2026-05-14 21:53:21.843548+00,2026-05-19 22:10:19.21454+00
91,discredit,damage reputation or trust,The fabricated quotation threatened to discredit the entire article. | The scandal completely discredited the politician. | The lawyer tried to discredit the witness's testimony. | The new evidence discredited the old theory. | He sought to discredit his rival's scientific findings.,sat_300_plus_vocab_dataset,116,2026-05-14 21:53:21.843548+00,2026-05-19 22:10:19.21454+00
92,disparate,different in essential ways,The study linked disparate fields such as economics and ecology. | The group was made of people from widely disparate backgrounds. | It is hard to unite such disparate ideas into one cohesive plan. | The city is a collection of disparate neighborhoods. | The museum holds a disparate array of artifacts.,sat_300_plus_vocab_dataset,117,2026-05-14 21:53:21.843548+00,2026-05-19 22:10:19.21454+00
93,dispassionate,calm and impartial,A dispassionate analysis revealed strengths that critics had ignored. | The judge delivered a perfectly dispassionate verdict. | As a journalist she must maintain a dispassionate view. | The doctor gave a dispassionate report of the injuries. | The scientific method requires dispassionate observation.,sat_300_plus_vocab_dataset,118,2026-05-14 21:53:21.843548+00,2026-05-19 22:10:19.21454+00
94,dissemble,hide true motives,The diplomat tried to dissemble her concern but her silence was revealing. | He smiled to dissemble his real intentions. | The spy was trained to dissemble under pressure. | She proved unable to dissemble her deep disappointment. | Politicians often dissemble to avoid hard questions.,sat_300_plus_vocab_dataset,119,2026-05-14 21:53:21.843548+00,2026-05-19 22:10:19.21454+00
95,divisive,causing disagreement or conflict,"The zoning plan became divisive when residents realized it would affect schools differently. | The divisive policy changed the passage’s tone, making the author’s attitude unmistakable. | Although the claim first appeared plausible, its divisive policy became clear once the evidence was examined. | In the debate, the speaker’s divisive policy mattered as much as the facts he presented. | A careful reader would notice how the divisive policy reveals a deeper conflict beneath the surface.",sat_300_plus_vocab_dataset,100095,2026-05-14 21:53:21.843548+00,2026-05-19 22:10:17.012665+00
96,dogged,persistent despite difficulty,"Through dogged investigation, the journalist located records that officials had overlooked. | The dogged investigator changed the passage’s tone, making the author’s attitude unmistakable. | Although the claim first appeared plausible, its dogged investigator became clear once the evidence was examined. | In the debate, the speaker’s dogged investigator mattered as much as the facts he presented. | A careful reader would notice how the dogged investigator reveals a deeper conflict beneath the surface.",sat_300_plus_vocab_dataset,100096,2026-05-14 21:53:21.843548+00,2026-05-19 22:10:17.012665+00
97,dogmatic,asserting opinions rigidly,The dogmatic lecturer treated every question as a challenge to authority. | The cult leader was incredibly dogmatic in his teachings. | She has a dogmatic insistence on doing things her way. | A dogmatic approach stifles genuine scientific inquiry. | He is dogmatic about the benefits of his strict diet.,sat_300_plus_vocab_dataset,122,2026-05-14 21:53:21.843548+00,2026-05-19 22:10:19.21454+00
98,dubious,doubtful or suspect,The committee rejected the study because its methods were dubious. | The salesman made a dubious claim about the car's history. | I am extremely dubious about his promised return on investment. | The painting's origins remain highly dubious. | She gave him a dubious look when he offered to help.,sat_300_plus_vocab_dataset,123,2026-05-14 21:53:21.843548+00,2026-05-19 22:10:19.21454+00
99,duplicitous,deceptive in a two-faced way,"The emails revealed a duplicitous strategy: praising cooperation publicly while undermining it privately. | The duplicitous official changed the passage’s tone, making the author’s attitude unmistakable. | Although the claim first appeared plausible, its duplicitous official became clear once the evidence was examined. | In the debate, the speaker’s duplicitous official mattered as much as the facts he presented. | A careful reader would notice how the duplicitous official reveals a deeper conflict beneath the surface.",sat_300_plus_vocab_dataset,100099,2026-05-14 21:53:21.843548+00,2026-05-19 22:10:17.012665+00
100,ebullient,cheerful and energetic,Her ebullient speech lifted the mood after a difficult debate. | The ebullient child bounced around the playground. | The team was in an ebullient mood after the championship win. | His ebullient personality makes him a great host. | She gave an ebullient laugh that filled the room.,sat_300_plus_vocab_dataset,124,2026-05-14 21:53:21.843548+00,2026-05-19 22:10:19.21454+00
101,eclectic,drawn from diverse sources,The museum's eclectic collection included textiles as well as scientific tools and sculpture. | Her musical tastes are extremely eclectic. | The house was decorated with an eclectic mix of furniture. | The chef created an eclectic menu blending several cuisines. | He possesses an eclectic library of rare books.,sat_300_plus_vocab_dataset,125,2026-05-14 21:53:21.843548+00,2026-05-19 22:10:19.21454+00
102,efface,erase or make obscure,Time began to efface the inscription on the old monument. | He tried to efface the memory of the terrible accident. | The dictator sought to efface his rival's name from history. | She acts as a self-effacing assistant despite her talent. | The waves effaced the footprints in the sand.,sat_300_plus_vocab_dataset,127,2026-05-14 21:53:21.843548+00,2026-05-19 22:10:19.21454+00
103,efficacious,producing the intended effect,"The new tutoring schedule proved efficacious, especially for students who needed frequent feedback. | The efficacious treatment changed the passage’s tone, making the author’s attitude unmistakable. | Although the claim first appeared plausible, its efficacious treatment became clear once the evidence was examined. | In the debate, the speaker’s efficacious treatment mattered as much as the facts he presented. | A careful reader would notice how the efficacious treatment reveals a deeper conflict beneath the surface.",sat_300_plus_vocab_dataset,100103,2026-05-14 21:53:21.843548+00,2026-05-19 22:10:17.012665+00
104,effusive,showing excessive enthusiasm,The coach was effusive in praising the backup goalkeeper's performance. | She wrote an effusive thank-you letter to her host. | The critic's review was incredibly effusive. | He offered effusive apologies for his mistake. | The fans gave the band an effusive welcome.,sat_300_plus_vocab_dataset,128,2026-05-14 21:53:21.843548+00,2026-05-19 22:10:19.21454+00
105,egregious,shockingly bad or obvious,The article contained an egregious error in its opening paragraph. | The company committed an egregious violation of safety standards. | His egregious behavior at the wedding ruined the event. | It was an egregious breach of trust. | The foul on the field was incredibly egregious.,sat_300_plus_vocab_dataset,130,2026-05-14 21:53:21.843548+00,2026-05-19 22:10:19.21454+00
106,elide,omit or gloss over,"The textbook elides the controversy, presenting the reform as if everyone had supported it. | The editorial tried to elide the most damaging evidence, but its evidence was too thin to persuade careful readers. | Rather than elide the most damaging evidence, the author acknowledged uncertainty and strengthened the argument. | The committee’s attempt to elide the most damaging evidence became a central issue in the investigation. | In the final paragraph, new testimony helps elide the most damaging evidence and changes the reader’s interpretation.",sat_300_plus_vocab_dataset,100106,2026-05-14 21:53:21.843548+00,2026-05-19 22:10:17.012665+00
107,elusive,hard to find or define,"A clear explanation for the population decline remained elusive despite years of fieldwork. | The elusive answer changed the passage’s tone, making the author’s attitude unmistakable. | Although the claim first appeared plausible, its elusive answer became clear once the evidence was examined. | In the debate, the speaker’s elusive answer mattered as much as the facts he presented. | A careful reader would notice how the elusive answer reveals a deeper conflict beneath the surface.",sat_300_plus_vocab_dataset,100107,2026-05-14 21:53:21.843548+00,2026-05-19 22:10:17.012665+00
108,empirical,based on observation,The hypothesis gained strength when empirical data supported its prediction. | The study relies solely on empirical evidence. | We need empirical proof before changing the policy. | The empirical results contradict the mathematical model. | The scientist favored empirical methods over pure theory.,sat_300_plus_vocab_dataset,133,2026-05-14 21:53:21.843548+00,2026-05-19 22:10:19.21454+00
109,emulate,imitate with effort to equal,"Young architects tried to emulate her use of light without copying her buildings directly. | The editorial tried to emulate the scientist’s method, but its evidence was too thin to persuade careful readers. | Rather than emulate the scientist’s method, the author acknowledged uncertainty and strengthened the argument. | The committee’s attempt to emulate the scientist’s method became a central issue in the investigation. | In the final paragraph, new testimony helps emulate the scientist’s method and changes the reader’s interpretation.",sat_300_plus_vocab_dataset,100109,2026-05-14 21:53:21.843548+00,2026-05-19 22:10:17.012665+00
110,engender,produce or cause,The court's decision engendered debate about privacy and public safety. | Good leadership engenders trust among employees. | The harsh policy engendered deep resentment. | The tragedy engendered a sense of unity in the community. | The new technology engendered fear of job losses.,sat_300_plus_vocab_dataset,137,2026-05-14 21:53:21.843548+00,2026-05-19 22:10:19.21454+00
111,enervate,weaken or drain energy,The long delay seemed to enervate even the project's strongest supporters. | The intense heat enervated the marathon runners. | The dull routine enervates my creative spirit. | An enervating disease left him bedridden. | The constant arguments enervated the entire household.,sat_300_plus_vocab_dataset,136,2026-05-14 21:53:21.843548+00,2026-05-19 22:10:19.21454+00
112,enigmatic,mysterious and hard to interpret,The artist's enigmatic smile has invited centuries of speculation. | The enigmatic message left the detectives puzzled. | The movie ends on a highly enigmatic note. | He is an enigmatic figure in local politics. | The ruins offer only enigmatic clues to the past.,sat_300_plus_vocab_dataset,138,2026-05-14 21:53:21.843548+00,2026-05-19 22:10:19.21454+00
113,ephemeral,lasting a short time,The app's popularity was ephemeral and faded within months. | The beauty of a cherry blossom is famous for being ephemeral. | Fame is an ephemeral concept in the digital age. | The ephemeral joy of winning soon faded into exhaustion. | They chased the ephemeral lights of the aurora.,sat_300_plus_vocab_dataset,139,2026-05-14 21:53:21.843548+00,2026-05-19 22:10:19.21454+00
114,equivocal,open to several interpretations,The witness gave an equivocal answer that neither confirmed nor denied the claim. | The lab results were entirely equivocal. | He maintained an equivocal stance on the issue. | Her equivocal tone left us guessing. | Equivocal instructions lead to mistakes.,sat_300_plus_vocab_dataset,2,2026-05-14 21:53:21.843548+00,2026-05-19 22:10:19.21454+00
115,erudite,showing deep learning,The erudite essay connected a modern play to ancient myths. | The professor is an erudite scholar of ancient languages. | She gave an erudite lecture on medieval history. | The erudite book won several academic awards. | His erudite vocabulary often confuses his friends.,sat_300_plus_vocab_dataset,143,2026-05-14 21:53:21.843548+00,2026-05-19 22:10:19.21454+00
116,eschew,deliberately avoid or reject,"The journalist chose to eschew dramatic language and let the documents speak for themselves. | The editorial tried to eschew sensational language, but its evidence was too thin to persuade careful readers. | Rather than eschew sensational language, the author acknowledged uncertainty and strengthened the argument. | The committee’s attempt to eschew sensational language became a central issue in the investigation. | In the final paragraph, new testimony helps eschew sensational language and changes the reader’s interpretation.",sat_300_plus_vocab_dataset,100116,2026-05-14 21:53:21.843548+00,2026-05-19 22:10:17.012665+00
117,esoteric,understood by few,The article made esoteric legal concepts accessible to ordinary readers. | The ritual involved esoteric symbols and chants. | He collects books on esoteric philosophical topics. | The programming language is too esoteric for beginners. | The joke relied on an esoteric pop culture reference.,sat_300_plus_vocab_dataset,144,2026-05-14 21:53:21.843548+00,2026-05-19 22:10:19.21454+00
118,exacerbate,make a problem worse,Cutting the bus routes would exacerbate traffic near the school. | Scratching the rash will only exacerbate the itch. | The new tax law exacerbated the economic crisis. | His angry response exacerbated the delicate situation. | The wind exacerbated the spread of the wildfire.,sat_300_plus_vocab_dataset,148,2026-05-14 21:53:21.843548+00,2026-05-19 22:10:19.21454+00
119,exculpate,clear from blame,New evidence helped exculpate the researcher accused of misconduct. | The security footage completely exculpated the prime suspect. | The grand jury refused to exculpate the officer. | The report exculpates the management of any negligence. | He desperately sought evidence to exculpate himself.,sat_300_plus_vocab_dataset,149,2026-05-14 21:53:21.843548+00,2026-05-19 22:10:19.21454+00
120,exigent,requiring immediate action,The flood created exigent needs that delayed long term planning. | Exigent circumstances required the police to enter without a warrant. | The exigent timeline forced the team to work overnight. | The hospital faced exigent demands during the pandemic. | The manager handled the exigent problem immediately.,sat_300_plus_vocab_dataset,150,2026-05-14 21:53:21.843548+00,2026-05-19 22:10:19.21454+00
121,expedient,convenient but possibly improper,The shortcut was expedient but it undermined the study's credibility. | It was politically expedient to agree with the popular opinion. | The general chose the most expedient route despite the risks. | The expedient solution is not always the ethical one. | They used an expedient lie to avoid trouble.,sat_300_plus_vocab_dataset,152,2026-05-14 21:53:21.843548+00,2026-05-19 22:10:19.21454+00
122,expedite,make a process faster,"The new filing system should expedite permit reviews that once took several months. | The editorial tried to expedite the review process, but its evidence was too thin to persuade careful readers. | Rather than expedite the review process, the author acknowledged uncertainty and strengthened the argument. | The committee’s attempt to expedite the review process became a central issue in the investigation. | In the final paragraph, new testimony helps expedite the review process and changes the reader’s interpretation.",sat_300_plus_vocab_dataset,100122,2026-05-14 21:53:21.843548+00,2026-05-19 22:10:17.012665+00
123,extant,still existing today,"Only three extant copies of the pamphlet are known, and each differs slightly from the others. | The extant manuscript changed the passage’s tone, making the author’s attitude unmistakable. | Although the claim first appeared plausible, its extant manuscript became clear once the evidence was examined. | In the debate, the speaker’s extant manuscript mattered as much as the facts he presented. | A careful reader would notice how the extant manuscript reveals a deeper conflict beneath the surface.",sat_300_plus_vocab_dataset,100123,2026-05-14 21:53:21.843548+00,2026-05-19 22:10:17.012665+00
124,extemporaneous,done without preparation,"The mayor’s extemporaneous remarks sounded more sincere than the carefully drafted statement. | The extemporaneous speech changed the passage’s tone, making the author’s attitude unmistakable. | Although the claim first appeared plausible, its extemporaneous speech became clear once the evidence was examined. | In the debate, the speaker’s extemporaneous speech mattered as much as the facts he presented. | A careful reader would notice how the extemporaneous speech reveals a deeper conflict beneath the surface.",sat_300_plus_vocab_dataset,100124,2026-05-14 21:53:21.843548+00,2026-05-19 22:10:17.012665+00
125,extol,praise with great enthusiasm,"The essay extols the painter’s bold colors but says little about her weaker compositions. | The editorial tried to extol the reformer’s courage, but its evidence was too thin to persuade careful readers. | Rather than extol the reformer’s courage, the author acknowledged uncertainty and strengthened the argument. | The committee’s attempt to extol the reformer’s courage became a central issue in the investigation. | In the final paragraph, new testimony helps extol the reformer’s courage and changes the reader’s interpretation.",sat_300_plus_vocab_dataset,100125,2026-05-14 21:53:21.843548+00,2026-05-19 22:10:17.012665+00
126,extraneous,irrelevant or unnecessary,"The editor removed extraneous details that distracted from the central argument. | The extraneous detail changed the passage’s tone, making the author’s attitude unmistakable. | Although the claim first appeared plausible, its extraneous detail became clear once the evidence was examined. | In the debate, the speaker’s extraneous detail mattered as much as the facts he presented. | A careful reader would notice how the extraneous detail reveals a deeper conflict beneath the surface.",sat_300_plus_vocab_dataset,100126,2026-05-14 21:53:21.843548+00,2026-05-19 22:10:17.012665+00
127,extrapolate,infer beyond known data,Scientists extrapolate future trends from measurements collected over many decades. | It is risky to extrapolate global conclusions from one local study. | Economists extrapolate growth patterns based on current spending. | We can extrapolate the animal's size from its footprints. | Do not extrapolate his future behavior from one mistake.,sat_300_plus_vocab_dataset,153,2026-05-14 21:53:21.843548+00,2026-05-19 22:10:19.21454+00
128,facile,too easy or simplistic,"The article offered a facile explanation for inequality, ignoring the history that shaped it. | The facile argument changed the passage’s tone, making the author’s attitude unmistakable. | Although the claim first appeared plausible, its facile argument became clear once the evidence was examined. | In the debate, the speaker’s facile argument mattered as much as the facts he presented. | A careful reader would notice how the facile argument reveals a deeper conflict beneath the surface.",sat_300_plus_vocab_dataset,100128,2026-05-14 21:53:21.843548+00,2026-05-19 22:10:17.012665+00
129,fallacious,based on faulty reasoning,The argument was fallacious because it confused correlation with causation. | The advertisement makes a fallacious claim about the product's benefits. | His logic is fundamentally fallacious. | The article is built on fallacious assumptions. | Don't be fooled by her fallacious statistics.,sat_300_plus_vocab_dataset,155,2026-05-14 21:53:21.843548+00,2026-05-19 22:10:19.21454+00
130,fastidious,very attentive to detail,The fastidious editor noticed inconsistencies in dates and spellings. | He is famously fastidious about keeping his car clean. | The fastidious cat spent hours grooming itself. | The fastidious accountant caught the minor discrepancy. | Her fastidious preparation ensured the event was flawless.,sat_300_plus_vocab_dataset,156,2026-05-14 21:53:21.843548+00,2026-05-19 22:10:19.21454+00
131,fatuous,foolish and silly,"The proposal sounded fatuous once someone asked how it would be funded. | The fatuous claim changed the passage’s tone, making the author’s attitude unmistakable. | Although the claim first appeared plausible, its fatuous claim became clear once the evidence was examined. | In the debate, the speaker’s fatuous claim mattered as much as the facts he presented. | A careful reader would notice how the fatuous claim reveals a deeper conflict beneath the surface.",sat_300_plus_vocab_dataset,100131,2026-05-14 21:53:21.843548+00,2026-05-19 22:10:17.012665+00
132,feasible,possible and practical,"The design is ambitious, but engineers say it is feasible with existing materials. | The feasible solution changed the passage’s tone, making the author’s attitude unmistakable. | Although the claim first appeared plausible, its feasible solution became clear once the evidence was examined. | In the debate, the speaker’s feasible solution mattered as much as the facts he presented. | A careful reader would notice how the feasible solution reveals a deeper conflict beneath the surface.",sat_300_plus_vocab_dataset,100132,2026-05-14 21:53:21.843548+00,2026-05-19 22:10:17.012665+00
133,fervent,intensely passionate or sincere,Fervent supporters waited for hours to hear the reformer's speech. | She has a fervent belief in the power of education. | The fervent prayers of the congregation filled the church. | The rebel leader delivered a fervent plea for freedom. | His fervent dedication to the sport earned him a medal.,sat_300_plus_vocab_dataset,158,2026-05-14 21:53:21.843548+00,2026-05-19 22:10:19.21454+00
134,fickle,changing loyalties or interests,"The fickle market rewarded the product in June and rejected it by September. | The fickle audience changed the passage’s tone, making the author’s attitude unmistakable. | Although the claim first appeared plausible, its fickle audience became clear once the evidence was examined. | In the debate, the speaker’s fickle audience mattered as much as the facts he presented. | A careful reader would notice how the fickle audience reveals a deeper conflict beneath the surface.",sat_300_plus_vocab_dataset,100134,2026-05-14 21:53:21.843548+00,2026-05-19 22:10:17.012665+00
135,flippant,not showing proper seriousness,"Her flippant response frustrated researchers who had spent years studying the disease. | The flippant remark changed the passage’s tone, making the author’s attitude unmistakable. | Although the claim first appeared plausible, its flippant remark became clear once the evidence was examined. | In the debate, the speaker’s flippant remark mattered as much as the facts he presented. | A careful reader would notice how the flippant remark reveals a deeper conflict beneath the surface.",sat_300_plus_vocab_dataset,100135,2026-05-14 21:53:21.843548+00,2026-05-19 22:10:17.012665+00
136,foment,stir up trouble,The pamphlet was designed to foment resentment among already anxious workers. | The dictator accused the journalists of trying to foment rebellion. | Foreign agents tried to foment a civil war. | His angry rhetoric fomented a riot in the capital. | The unfair policy fomented discontent in the office.,sat_300_plus_vocab_dataset,161,2026-05-14 21:53:21.843548+00,2026-05-19 22:10:19.21454+00
137,forestall,prevent by acting early,"Officials strengthened the levee to forestall damage from the approaching storm. | The editorial tried to forestall a constitutional crisis, but its evidence was too thin to persuade careful readers. | Rather than forestall a constitutional crisis, the author acknowledged uncertainty and strengthened the argument. | The committee’s attempt to forestall a constitutional crisis became a central issue in the investigation. | In the final paragraph, new testimony helps forestall a constitutional crisis and changes the reader’s interpretation.",sat_300_plus_vocab_dataset,100137,2026-05-14 21:53:21.843548+00,2026-05-19 22:10:17.012665+00
138,fortuitous,happening by chance,A fortuitous meeting at the library led to their collaboration. | The storm's delay was a fortuitous break for the unprepared sailors. | The company made a fortuitous discovery during the routine testing. | It was purely fortuitous that I found my lost keys. | The fortuitous timing of the investment made him rich.,sat_300_plus_vocab_dataset,162,2026-05-14 21:53:21.843548+00,2026-05-19 22:10:19.21454+00
139,fraught,filled with difficulty or tension,"The negotiations were fraught because each concession risked angering supporters at home. | The fraught negotiation changed the passage’s tone, making the author’s attitude unmistakable. | Although the claim first appeared plausible, its fraught negotiation became clear once the evidence was examined. | In the debate, the speaker’s fraught negotiation mattered as much as the facts he presented. | A careful reader would notice how the fraught negotiation reveals a deeper conflict beneath the surface.",sat_300_plus_vocab_dataset,100139,2026-05-14 21:53:21.843548+00,2026-05-19 22:10:17.012665+00
140,frivolous,lacking seriousness or value,"The court dismissed the frivolous complaint, finding no evidence behind its claims. | The frivolous complaint changed the passage’s tone, making the author’s attitude unmistakable. | Although the claim first appeared plausible, its frivolous complaint became clear once the evidence was examined. | In the debate, the speaker’s frivolous complaint mattered as much as the facts he presented. | A careful reader would notice how the frivolous complaint reveals a deeper conflict beneath the surface.",sat_300_plus_vocab_dataset,100140,2026-05-14 21:53:21.843548+00,2026-05-19 22:10:17.012665+00
141,garrulous,talking too much,The garrulous guide turned a short tour into a two hour lecture. | The garrulous passenger next to me talked for the entire flight. | My garrulous neighbor often keeps me trapped on the porch. | The garrulous old man told stories of his youth. | A garrulous nature can be a liability in a secret meeting.,sat_300_plus_vocab_dataset,167,2026-05-14 21:53:21.843548+00,2026-05-19 22:10:19.21454+00
142,genial,warm and pleasantly friendly,"The scientist’s genial manner made the demanding laboratory feel less intimidating. | The genial host changed the passage’s tone, making the author’s attitude unmistakable. | Although the claim first appeared plausible, its genial host became clear once the evidence was examined. | In the debate, the speaker’s genial host mattered as much as the facts he presented. | A careful reader would notice how the genial host reveals a deeper conflict beneath the surface.",sat_300_plus_vocab_dataset,100142,2026-05-14 21:53:21.843548+00,2026-05-19 22:10:17.012665+00
143,gratuitous,uncalled for or unnecessary,The novel's violence felt gratuitous because it added nothing to the plot. | The film was criticized for its gratuitous nudity. | The villain's cruelty seemed entirely gratuitous. | I didn't appreciate the gratuitous insult. | The expensive decorations felt gratuitous given the tight budget.,sat_300_plus_vocab_dataset,169,2026-05-14 21:53:21.843548+00,2026-05-19 22:10:19.21454+00
144,gregarious,sociable and outgoing,"The gregarious researcher built a wide network of collaborators across several universities. | The gregarious student changed the passage’s tone, making the author’s attitude unmistakable. | Although the claim first appeared plausible, its gregarious student became clear once the evidence was examined. | In the debate, the speaker’s gregarious student mattered as much as the facts he presented. | A careful reader would notice how the gregarious student reveals a deeper conflict beneath the surface.",sat_300_plus_vocab_dataset,100144,2026-05-14 21:53:21.843548+00,2026-05-19 22:10:17.012665+00
145,hackneyed,overused and stale,The essay opened with a hackneyed quote instead of a fresh claim. | The romantic comedy relied on hackneyed tropes. | His motivational speech was full of hackneyed phrases. | The plot of the action movie is completely hackneyed. | The author breathed new life into a hackneyed genre.,sat_300_plus_vocab_dataset,170,2026-05-14 21:53:21.843548+00,2026-05-19 22:10:19.21454+00
146,harbinger,early sign of what follows,"The first cracked tiles were a harbinger of more serious structural problems. | The discovery served as a harbinger, transforming a minor dispute into a national debate. | In the essay, the small incident becomes a harbinger for broader social change. | Historians later treated the event as a harbinger because it revealed tensions that had been hidden for years. | The author uses the storm as a harbinger, hinting that a more serious conflict is approaching.",sat_300_plus_vocab_dataset,100146,2026-05-14 21:53:21.843548+00,2026-05-19 22:10:17.012665+00
147,haughty,acting arrogantly superior,The haughty critic dismissed the young artist before seeing the exhibit. | The haughty waiter sneered at our clothing. | She gave a haughty toss of her hair and walked away. | The haughty nobles ignored the suffering of the peasants. | His haughty demeanor alienates his coworkers.,sat_300_plus_vocab_dataset,172,2026-05-14 21:53:21.843548+00,2026-05-19 22:10:19.21454+00
148,heterodox,departing from accepted views,"Her heterodox interpretation challenged decades of scholarship about the painting. | The heterodox theory changed the passage’s tone, making the author’s attitude unmistakable. | Although the claim first appeared plausible, its heterodox theory became clear once the evidence was examined. | In the debate, the speaker’s heterodox theory mattered as much as the facts he presented. | A careful reader would notice how the heterodox theory reveals a deeper conflict beneath the surface.",sat_300_plus_vocab_dataset,100148,2026-05-14 21:53:21.843548+00,2026-05-19 22:10:17.012665+00
149,homogeneous,uniform or very similar,"The sample was too homogeneous to support conclusions about a diverse population. | The homogeneous sample changed the passage’s tone, making the author’s attitude unmistakable. | Although the claim first appeared plausible, its homogeneous sample became clear once the evidence was examined. | In the debate, the speaker’s homogeneous sample mattered as much as the facts he presented. | A careful reader would notice how the homogeneous sample reveals a deeper conflict beneath the surface.",sat_300_plus_vocab_dataset,100149,2026-05-14 21:53:21.843548+00,2026-05-19 22:10:17.012665+00
150,hyperbole,deliberate exaggeration for effect,"Calling the delay a catastrophe was hyperbole; the train arrived only ten minutes late. | The scholar presented the idea as a hyperbole, not as a conclusion supported by complete evidence. | The passage depends on a hyperbole that readers are expected to question rather than accept. | By invoking a hyperbole, the author exposes the gap between public appearance and private motive. | The debate turned on a hyperbole, since no witness could provide decisive proof.",sat_300_plus_vocab_dataset,100150,2026-05-14 21:53:21.843548+00,2026-05-19 22:10:17.012665+00
151,iconoclastic,attacking established beliefs,Her iconoclastic essay challenged assumptions that the field had long accepted. | The iconoclastic filmmaker refuses to follow traditional Hollywood formats. | His iconoclastic views make him unpopular in the conservative town. | The iconoclastic movement sought to destroy old religious statues. | An iconoclastic approach is often needed for true innovation.,sat_300_plus_vocab_dataset,175,2026-05-14 21:53:21.843548+00,2026-05-19 22:10:19.21454+00
152,idiosyncratic,peculiar to one person or group,"The composer’s idiosyncratic notation confused performers until she explained her symbols. | The idiosyncratic style changed the passage’s tone, making the author’s attitude unmistakable. | Although the claim first appeared plausible, its idiosyncratic style became clear once the evidence was examined. | In the debate, the speaker’s idiosyncratic style mattered as much as the facts he presented. | A careful reader would notice how the idiosyncratic style reveals a deeper conflict beneath the surface.",sat_300_plus_vocab_dataset,100152,2026-05-14 21:53:21.843548+00,2026-05-19 22:10:17.012665+00
153,immutable,not able to change,The law was treated as immutable until public pressure forced reform. | The laws of physics are generally considered immutable. | Her immutable faith guided her through the crisis. | The mountain range stood as an immutable feature of the landscape. | Death and taxes are often called immutable facts of life.,sat_300_plus_vocab_dataset,177,2026-05-14 21:53:21.843548+00,2026-05-19 22:10:19.21454+00
154,impartial,not favoring either side,"The panel chose an impartial reviewer with no connection to the applicants. | The impartial judge changed the passage’s tone, making the author’s attitude unmistakable. | Although the claim first appeared plausible, its impartial judge became clear once the evidence was examined. | In the debate, the speaker’s impartial judge mattered as much as the facts he presented. | A careful reader would notice how the impartial judge reveals a deeper conflict beneath the surface.",sat_300_plus_vocab_dataset,100154,2026-05-14 21:53:21.843548+00,2026-05-19 22:10:17.012665+00
155,impassive,showing no emotion,The judge remained impassive while the crowd reacted angrily. | The soldier's face was completely impassive during the interrogation. | The impassive statues guarded the entrance to the tomb. | She watched the dramatic scene with an impassive expression. | An impassive demeanor is useful when playing poker.,sat_300_plus_vocab_dataset,178,2026-05-14 21:53:21.843548+00,2026-05-19 22:10:19.21454+00
156,impede,slow or block,Fallen trees impeded the rescue crews after the storm. | The heavy traffic will impede our progress. | The cumbersome regulations impede economic growth. | The injury impeded her ability to play tennis. | The lack of clear communication impeded the project.,sat_300_plus_vocab_dataset,294,2026-05-14 21:53:21.843548+00,2026-05-19 22:10:19.21454+00
157,imperious,domineering and arrogant,The director's imperious commands discouraged assistants from offering ideas. | The imperious CEO expects total obedience from his staff. | She waved her hand with an imperious gesture of dismissal. | His imperious attitude resents any form of questioning. | The imperious tone of the memo angered the employees.,sat_300_plus_vocab_dataset,180,2026-05-14 21:53:21.843548+00,2026-05-19 22:10:19.21454+00
158,imperturbable,not easily upset or disturbed,"During the chaotic rehearsal, the conductor remained imperturbable and calmly restarted the movement. | The imperturbable moderator changed the passage’s tone, making the author’s attitude unmistakable. | Although the claim first appeared plausible, its imperturbable moderator became clear once the evidence was examined. | In the debate, the speaker’s imperturbable moderator mattered as much as the facts he presented. | A careful reader would notice how the imperturbable moderator reveals a deeper conflict beneath the surface.",sat_300_plus_vocab_dataset,100158,2026-05-14 21:53:21.843548+00,2026-05-19 22:10:17.012665+00
159,impetuous,acting rashly or impulsively,"The senator’s impetuous announcement surprised aides who had planned a more gradual rollout. | The impetuous decision changed the passage’s tone, making the author’s attitude unmistakable. | Although the claim first appeared plausible, its impetuous decision became clear once the evidence was examined. | In the debate, the speaker’s impetuous decision mattered as much as the facts he presented. | A careful reader would notice how the impetuous decision reveals a deeper conflict beneath the surface.",sat_300_plus_vocab_dataset,100159,2026-05-14 21:53:21.843548+00,2026-05-19 22:10:17.012665+00
160,implicit,suggested not stated,The article's implicit assumption was that economic growth benefits everyone. | We had an implicit agreement not to mention the past. | There is an implicit threat in his casual warning. | The implicit bias in the hiring process must be addressed. | Her implicit trust in him proved to be a mistake.,sat_300_plus_vocab_dataset,182,2026-05-14 21:53:21.843548+00,2026-05-19 22:10:19.21454+00
161,implacable,impossible to appease,The critic remained implacable even after the author revised the chapter. | The enemy forces were implacable and refused to surrender. | An implacable hatred burned between the two rival families. | The implacable march of time affects us all. | The disease proved to be an implacable foe.,sat_300_plus_vocab_dataset,181,2026-05-14 21:53:21.843548+00,2026-05-19 22:10:19.21454+00
162,incendiary,likely to provoke conflict,"The columnist’s incendiary claims drew attention but made compromise more difficult. | The incendiary pamphlet changed the passage’s tone, making the author’s attitude unmistakable. | Although the claim first appeared plausible, its incendiary pamphlet became clear once the evidence was examined. | In the debate, the speaker’s incendiary pamphlet mattered as much as the facts he presented. | A careful reader would notice how the incendiary pamphlet reveals a deeper conflict beneath the surface.",sat_300_plus_vocab_dataset,100162,2026-05-14 21:53:21.843548+00,2026-05-19 22:10:17.012665+00
163,incisive,sharply clear and insightful,The student's incisive question exposed a weakness in the theory. | The journalist is known for her incisive political commentary. | The incisive review highlighted exactly why the movie failed. | An incisive mind is required for advanced mathematics. | His incisive wit can cut through any argument.,sat_300_plus_vocab_dataset,184,2026-05-14 21:53:21.843548+00,2026-05-19 22:10:19.21454+00
164,incongruous,strangely out of place,The cheerful mural seemed incongruous in the abandoned factory. | The modern glass tower looks incongruous next to the ancient cathedral. | His elegant suit was incongruous at the messy barbecue. | The incongruous blend of flavors surprisingly worked well. | Her loud laughter was incongruous in the somber room.,sat_300_plus_vocab_dataset,185,2026-05-14 21:53:21.843548+00,2026-05-19 22:10:19.21454+00
165,incontrovertible,impossible to dispute,"The recording provided incontrovertible evidence that the meeting had taken place. | The incontrovertible proof changed the passage’s tone, making the author’s attitude unmistakable. | Although the claim first appeared plausible, its incontrovertible proof became clear once the evidence was examined. | In the debate, the speaker’s incontrovertible proof mattered as much as the facts he presented. | A careful reader would notice how the incontrovertible proof reveals a deeper conflict beneath the surface.",sat_300_plus_vocab_dataset,100165,2026-05-14 21:53:21.843548+00,2026-05-19 22:10:17.012665+00
166,incumbent,required as a duty,"It is incumbent on researchers to explain risks before asking volunteers to participate. | The incumbent duty changed the passage’s tone, making the author’s attitude unmistakable. | Although the claim first appeared plausible, its incumbent duty became clear once the evidence was examined. | In the debate, the speaker’s incumbent duty mattered as much as the facts he presented. | A careful reader would notice how the incumbent duty reveals a deeper conflict beneath the surface.",sat_300_plus_vocab_dataset,100166,2026-05-14 21:53:21.843548+00,2026-05-19 22:10:17.012665+00
167,indignant,angry at unfair treatment,"Residents were indignant when they learned that the park had been sold without public notice. | The indignant residents changed the passage’s tone, making the author’s attitude unmistakable. | Although the claim first appeared plausible, its indignant residents became clear once the evidence was examined. | In the debate, the speaker’s indignant residents mattered as much as the facts he presented. | A careful reader would notice how the indignant residents reveals a deeper conflict beneath the surface.",sat_300_plus_vocab_dataset,100167,2026-05-14 21:53:21.843548+00,2026-05-19 22:10:17.012665+00
168,indolent,lazy or inactive,The myth portrays the grasshopper as indolent rather than merely unlucky. | The indolent employee spent hours browsing the internet. | The heavy heat made everyone feel indolent. | The indolent cat slept in the sun all day. | His indolent nature prevented him from finding a job.,sat_300_plus_vocab_dataset,188,2026-05-14 21:53:21.843548+00,2026-05-19 22:10:19.21454+00
169,ineffable,too great for words,The view inspired an ineffable sense of calm. | The ineffable beauty of the sunset silenced the crowd. | She felt an ineffable joy when holding her newborn. | The mystical experience was described as ineffable. | The music possessed an ineffable quality of sadness.,sat_300_plus_vocab_dataset,189,2026-05-14 21:53:21.843548+00,2026-05-19 22:10:19.21454+00
170,inexorable,impossible to stop,The inexorable rise of the tide forced the campers inland. | The inexorable march of progress has changed the city forever. | The rebel army faced the inexorable advance of the empire's forces. | The aging process is an inexorable reality. | The inexorable logic of his argument left no room for debate.,sat_300_plus_vocab_dataset,190,2026-05-14 21:53:21.843548+00,2026-05-19 22:10:19.21454+00
171,inimical,hostile or harmful to,The new policy was inimical to small publishers because it favored large platforms. | The dry climate is inimical to these plants. | Such high taxes are inimical to growth. | Their strict rules are inimical to creativity. | Chronic stress is inimical to good health.,sat_300_plus_vocab_dataset,3,2026-05-14 21:53:21.843548+00,2026-05-19 22:10:19.21454+00
172,innocuous,not harmful or offensive,The comment seemed innocuous until it was quoted out of context. | The mushroom looks dangerous but is actually perfectly innocuous. | The bug bite proved to be an innocuous irritation. | He asked an innocuous question about the weather. | The virus strain is completely innocuous to humans.,sat_300_plus_vocab_dataset,192,2026-05-14 21:53:21.843548+00,2026-05-19 22:10:19.21454+00
173,inscrutable,hard to understand,The CEO's inscrutable smile gave investors no hint of her plans. | The ancient language remains largely inscrutable. | The cat's inscrutable gaze made him uncomfortable. | The motives behind the crime are completely inscrutable. | The inscrutable depths of the ocean hide many secrets.,sat_300_plus_vocab_dataset,193,2026-05-14 21:53:21.843548+00,2026-05-19 22:10:19.21454+00
174,insipid,dull and lacking flavor,The review called the play insipid because its characters never changed. | The hospital food was pale and insipid. | The insipid pop song was forgotten within a week. | She grew tired of his insipid conversational topics. | The artist rejected the insipid design in favor of something bold.,sat_300_plus_vocab_dataset,194,2026-05-14 21:53:21.843548+00,2026-05-19 22:10:19.21454+00
175,insular,narrow or isolated,The town's insular habits made newcomers feel like permanent outsiders. | The insular community rarely interacts with the modern world. | The island's insular ecosystem is highly vulnerable to invasive species. | The committee's insular thinking prevented them from seeing the flaw. | The royal family lives an insular life behind palace walls.,sat_300_plus_vocab_dataset,195,2026-05-14 21:53:21.843548+00,2026-05-19 22:10:19.21454+00
176,intractable,hard to control or solve,The dispute became intractable after both sides rejected compromise. | The intractable child refused to follow any rules. | The intractable problem of poverty requires a complex solution. | The patient suffered from an intractable headache. | The stain on the carpet proved completely intractable.,sat_300_plus_vocab_dataset,196,2026-05-14 21:53:21.843548+00,2026-05-19 22:10:19.21454+00
177,intrepid,fearless and determined,"The intrepid reporter entered the storm zone to document conditions after the evacuation. | The intrepid explorer changed the passage’s tone, making the author’s attitude unmistakable. | Although the claim first appeared plausible, its intrepid explorer became clear once the evidence was examined. | In the debate, the speaker’s intrepid explorer mattered as much as the facts he presented. | A careful reader would notice how the intrepid explorer reveals a deeper conflict beneath the surface.",sat_300_plus_vocab_dataset,100177,2026-05-14 21:53:21.843548+00,2026-05-19 22:10:17.012665+00
178,intrinsic,belonging naturally to something,The stone's intrinsic value mattered less than its historical meaning. | The intrinsic beauty of the wood shines through the polish. | Freedom is considered an intrinsic human right. | The intrinsic flaws in the system finally caused it to crash. | The intrinsic motivation to learn is crucial for students.,sat_300_plus_vocab_dataset,197,2026-05-14 21:53:21.843548+00,2026-05-19 22:10:19.21454+00
179,irascible,easily moved to anger,The irascible coach shouted even when players followed instructions. | The irascible old man yelled at the children on his lawn. | Her irascible temper made her difficult to live with. | The irascible chef threw a pan across the kitchen. | Hunger makes him completely irascible.,sat_300_plus_vocab_dataset,199,2026-05-14 21:53:21.843548+00,2026-05-19 22:10:19.21454+00
180,irrefutable,impossible to prove wrong,"The DNA results offered irrefutable support for the revised account of the migration. | The irrefutable evidence changed the passage’s tone, making the author’s attitude unmistakable. | Although the claim first appeared plausible, its irrefutable evidence became clear once the evidence was examined. | In the debate, the speaker’s irrefutable evidence mattered as much as the facts he presented. | A careful reader would notice how the irrefutable evidence reveals a deeper conflict beneath the surface.",sat_300_plus_vocab_dataset,100180,2026-05-14 21:53:21.843548+00,2026-05-19 22:10:17.012665+00
181,judicious,showing wise judgment,A judicious editor preserves a writer's voice while removing confusion. | The mayor made a judicious decision regarding the city budget. | The recipe calls for a judicious amount of spice. | The general made a judicious tactical retreat. | The judicious use of resources saved the company.,sat_300_plus_vocab_dataset,200,2026-05-14 21:53:21.843548+00,2026-05-19 22:10:19.21454+00
182,laconic,using few words,His laconic reply revealed neither excitement nor disappointment. | The laconic cowboy simply nodded his head. | The laconic text message read simply 'No.' | The general is famous for his laconic battle commands. | A laconic style of writing can be very powerful.,sat_300_plus_vocab_dataset,201,2026-05-14 21:53:21.843548+00,2026-05-19 22:10:19.21454+00
183,latent,present but hidden,The crisis revealed a latent weakness in the city's emergency plan. | The latent virus flared up when his immune system dropped. | The latent fingerprint was discovered on the glass. | The latent talent of the quiet student was finally noticed. | The latent heat in the ocean fuels the hurricane.,sat_300_plus_vocab_dataset,295,2026-05-14 21:53:21.843548+00,2026-05-19 22:10:19.21454+00
184,laudable,deserving of praise,The group's laudable goal was weakened by poor planning. | The charity's laudable efforts saved hundreds of animals. | His laudable honesty in returning the wallet impressed the police. | The initiative is highly laudable even if it fails. | Her laudable dedication to the project was rewarded.,sat_300_plus_vocab_dataset,203,2026-05-14 21:53:21.843548+00,2026-05-19 22:10:19.21454+00
185,leery,cautious and distrustful,"After the misleading advertisement, customers became leery of the company’s claims. | The leery consumer changed the passage’s tone, making the author’s attitude unmistakable. | Although the claim first appeared plausible, its leery consumer became clear once the evidence was examined. | In the debate, the speaker’s leery consumer mattered as much as the facts he presented. | A careful reader would notice how the leery consumer reveals a deeper conflict beneath the surface.",sat_300_plus_vocab_dataset,100185,2026-05-14 21:53:21.843548+00,2026-05-19 22:10:17.012665+00
186,lethargic,sluggish and tired,The class seemed lethargic after the long assembly. | The heavy meal made him feel lethargic all afternoon. | The lethargic lizard basked slowly in the sun. | The economy remains lethargic despite the tax cuts. | The medication's side effects include a lethargic feeling.,sat_300_plus_vocab_dataset,204,2026-05-14 21:53:21.843548+00,2026-05-19 22:10:19.21454+00
187,lucid,clear and easy to understand,The witness gave a lucid account of events despite the stress. | The author presents a lucid explanation of quantum physics. | The fever broke and the patient became lucid again. | The instructions must be lucid enough for a child to follow. | She had a lucid dream where she controlled her actions.,sat_300_plus_vocab_dataset,205,2026-05-14 21:53:21.843548+00,2026-05-19 22:10:19.21454+00
188,magnanimous,generous toward rivals,The winner was magnanimous and praised the skill of her opponent. | The king was magnanimous in victory and spared the rebel leaders. | It was a magnanimous gesture to forgive the debt. | The magnanimous donor funded the entire hospital wing. | The magnanimous spirit of the community helped rebuild the town.,sat_300_plus_vocab_dataset,206,2026-05-14 21:53:21.843548+00,2026-05-19 22:10:19.21454+00
189,malleable,easily shaped or influenced,The metal is malleable when heated and brittle when cold. | A child's mind is highly malleable and absorbs everything. | The clay remains malleable as long as it is kept wet. | The malleable politician changed his views based on the polls. | Gold is an incredibly malleable element.,sat_300_plus_vocab_dataset,207,2026-05-14 21:53:21.843548+00,2026-05-19 22:10:19.21454+00
190,marginalize,push to the edge or exclude,"The policy unintentionally marginalized rural students who lacked reliable internet access. | The editorial tried to marginalize students without reliable internet, but its evidence was too thin to persuade careful readers. | Rather than marginalize students without reliable internet, the author acknowledged uncertainty and strengthened the argument. | The committee’s attempt to marginalize students without reliable internet became a central issue in the investigation. | In the final paragraph, new testimony helps marginalize students without reliable internet and changes the reader’s interpretation.",sat_300_plus_vocab_dataset,100190,2026-05-14 21:53:21.843548+00,2026-05-19 22:10:17.012665+00
191,mendacious,not truthful or honest,"The investigation exposed mendacious testimony that had distorted the public record. | The mendacious account changed the passage’s tone, making the author’s attitude unmistakable. | Although the claim first appeared plausible, its mendacious account became clear once the evidence was examined. | In the debate, the speaker’s mendacious account mattered as much as the facts he presented. | A careful reader would notice how the mendacious account reveals a deeper conflict beneath the surface.",sat_300_plus_vocab_dataset,100191,2026-05-14 21:53:21.843548+00,2026-05-19 22:10:17.012665+00
192,mercurial,changeable and unpredictable,"The CEO’s mercurial decisions made long-term planning nearly impossible. | The mercurial leader changed the passage’s tone, making the author’s attitude unmistakable. | Although the claim first appeared plausible, its mercurial leader became clear once the evidence was examined. | In the debate, the speaker’s mercurial leader mattered as much as the facts he presented. | A careful reader would notice how the mercurial leader reveals a deeper conflict beneath the surface.",sat_300_plus_vocab_dataset,100192,2026-05-14 21:53:21.843548+00,2026-05-19 22:10:17.012665+00
193,meticulous,extremely careful with details,The meticulous archivist recorded every change to the fragile documents. | The meticulous tailor ensured every seam was perfect. | She kept a meticulous record of all her expenses. | The meticulous planning prevented any disasters during the launch. | He is meticulous about keeping his workspace organized.,sat_300_plus_vocab_dataset,208,2026-05-14 21:53:21.843548+00,2026-05-19 22:10:19.21454+00
194,mitigate,make less severe,Trees can mitigate urban heat by shading streets and buildings. | The government took steps to mitigate the effects of the drought. | The lawyer tried to mitigate her client's sentence. | A good shock absorber will mitigate the bumps in the road. | They implemented software to mitigate the cyber threat.,sat_300_plus_vocab_dataset,209,2026-05-14 21:53:21.843548+00,2026-05-19 22:10:19.21454+00
195,mollify,soothe someone's anger,The principal tried to mollify parents by explaining the revised schedule. | The airline offered free tickets to mollify the stranded passengers. | The baby was finally mollified by a warm bottle. | The politician attempted to mollify his critics with a compromise. | Nothing he said could mollify her fury.,sat_300_plus_vocab_dataset,297,2026-05-14 21:53:21.843548+00,2026-05-19 22:10:19.21454+00
196,morose,gloomy and sullen,After the defeat the normally cheerful captain became morose. | The morose teenager locked himself in his room. | A morose silence fell over the dinner table. | The movie's morose tone depressed the audience. | The rainy weather made everyone feel morose.,sat_300_plus_vocab_dataset,211,2026-05-14 21:53:21.843548+00,2026-05-19 22:10:19.21454+00
197,multifaceted,having many aspects,"The problem is multifaceted, involving transportation, housing, and public health. | The multifaceted problem changed the passage’s tone, making the author’s attitude unmistakable. | Although the claim first appeared plausible, its multifaceted problem became clear once the evidence was examined. | In the debate, the speaker’s multifaceted problem mattered as much as the facts he presented. | A careful reader would notice how the multifaceted problem reveals a deeper conflict beneath the surface.",sat_300_plus_vocab_dataset,100197,2026-05-14 21:53:21.843548+00,2026-05-19 22:10:17.012665+00
198,munificent,very generous in giving,"The foundation’s munificent grant allowed the library to preserve thousands of rare recordings. | The munificent donor changed the passage’s tone, making the author’s attitude unmistakable. | Although the claim first appeared plausible, its munificent donor became clear once the evidence was examined. | In the debate, the speaker’s munificent donor mattered as much as the facts he presented. | A careful reader would notice how the munificent donor reveals a deeper conflict beneath the surface.",sat_300_plus_vocab_dataset,100198,2026-05-14 21:53:21.843548+00,2026-05-19 22:10:17.012665+00
199,nascent,just beginning to develop,The nascent industry grew quickly once investors recognized its potential. | The nascent democracy faces many challenges. | The scientist observed the nascent stages of cell division. | The nascent political movement gained popularity online. | A nascent talent for music was obvious in the young child.,sat_300_plus_vocab_dataset,213,2026-05-14 21:53:21.843548+00,2026-05-19 22:10:19.21454+00
200,nebulous,vague and unclear,The proposal remained nebulous until the team identified specific goals. | The concept of fairness can sometimes seem nebulous. | The nebulous shapes in the fog terrified the travelers. | The politician gave a nebulous answer to the direct question. | The boundaries between the two departments are highly nebulous.,sat_300_plus_vocab_dataset,214,2026-05-14 21:53:21.843548+00,2026-05-19 22:10:19.21454+00
201,nominal,existing in name only,"The king retained nominal authority, but elected ministers made the important decisions. | The nominal authority changed the passage’s tone, making the author’s attitude unmistakable. | Although the claim first appeared plausible, its nominal authority became clear once the evidence was examined. | In the debate, the speaker’s nominal authority mattered as much as the facts he presented. | A careful reader would notice how the nominal authority reveals a deeper conflict beneath the surface.",sat_300_plus_vocab_dataset,100201,2026-05-14 21:53:21.843548+00,2026-05-19 22:10:17.012665+00
202,nuanced,showing subtle differences,Her nuanced reading avoids treating the characters as simply good or evil. | The actor gave a wonderfully nuanced performance. | The complex issue requires a nuanced debate. | The nuanced flavors of the wine developed over time. | A nuanced understanding of history is crucial.,sat_300_plus_vocab_dataset,215,2026-05-14 21:53:21.843548+00,2026-05-19 22:10:19.21454+00
203,obdurate,stubbornly refusing to change,The obdurate official refused to reconsider even after experts objected. | The obdurate mule refused to cross the bridge. | His obdurate denial of the facts frustrated everyone. | The obdurate fortress withstood months of siege. | The president remained obdurate in his decision to veto the bill.,sat_300_plus_vocab_dataset,216,2026-05-14 21:53:21.843548+00,2026-05-19 22:10:19.21454+00
204,obfuscate,make unclear or confusing,"The company’s report seemed designed to obfuscate the costs rather than explain them. | The editorial tried to obfuscate the report’s actual costs, but its evidence was too thin to persuade careful readers. | Rather than obfuscate the report’s actual costs, the author acknowledged uncertainty and strengthened the argument. | The committee’s attempt to obfuscate the report’s actual costs became a central issue in the investigation. | In the final paragraph, new testimony helps obfuscate the report’s actual costs and changes the reader’s interpretation.",sat_300_plus_vocab_dataset,100204,2026-05-14 21:53:21.843548+00,2026-05-19 22:10:17.012665+00
205,objective,unbiased and fact-based,"The evaluator tried to remain objective by using the same criteria for every submission. | The objective analysis changed the passage’s tone, making the author’s attitude unmistakable. | Although the claim first appeared plausible, its objective analysis became clear once the evidence was examined. | In the debate, the speaker’s objective analysis mattered as much as the facts he presented. | A careful reader would notice how the objective analysis reveals a deeper conflict beneath the surface.",sat_300_plus_vocab_dataset,100205,2026-05-14 21:53:21.843548+00,2026-05-19 22:10:17.012665+00
206,obsequious,overly eager to please,"The assistant’s obsequious praise made the director doubt whether any feedback was sincere. | The obsequious assistant changed the passage’s tone, making the author’s attitude unmistakable. | Although the claim first appeared plausible, its obsequious assistant became clear once the evidence was examined. | In the debate, the speaker’s obsequious assistant mattered as much as the facts he presented. | A careful reader would notice how the obsequious assistant reveals a deeper conflict beneath the surface.",sat_300_plus_vocab_dataset,100206,2026-05-14 21:53:21.843548+00,2026-05-19 22:10:17.012665+00
207,obstinate,stubbornly refusing to yield,"The scientist was obstinate about the hypothesis until new measurements contradicted it. | The obstinate negotiator changed the passage’s tone, making the author’s attitude unmistakable. | Although the claim first appeared plausible, its obstinate negotiator became clear once the evidence was examined. | In the debate, the speaker’s obstinate negotiator mattered as much as the facts he presented. | A careful reader would notice how the obstinate negotiator reveals a deeper conflict beneath the surface.",sat_300_plus_vocab_dataset,100207,2026-05-14 21:53:21.843548+00,2026-05-19 22:10:17.012665+00
208,obviate,make no longer necessary,Clear instructions obviate many mistakes that would otherwise delay the experiment. | The new vaccine could obviate the need for lockdowns. | A parachute obviates the danger of falling. | Automation obviates much of the manual labor. | Good planning obviates future crises.,sat_300_plus_vocab_dataset,8,2026-05-14 21:53:21.843548+00,2026-05-19 22:10:19.21454+00
209,officious,intrusively offering unwanted help,"The officious clerk rearranged the display despite having no responsibility for it. | The officious volunteer changed the passage’s tone, making the author’s attitude unmistakable. | Although the claim first appeared plausible, its officious volunteer became clear once the evidence was examined. | In the debate, the speaker’s officious volunteer mattered as much as the facts he presented. | A careful reader would notice how the officious volunteer reveals a deeper conflict beneath the surface.",sat_300_plus_vocab_dataset,100209,2026-05-14 21:53:21.843548+00,2026-05-19 22:10:17.012665+00
210,onerous,burdensome and difficult,"The reporting requirements were so onerous that small organizations struggled to comply. | The onerous requirement changed the passage’s tone, making the author’s attitude unmistakable. | Although the claim first appeared plausible, its onerous requirement became clear once the evidence was examined. | In the debate, the speaker’s onerous requirement mattered as much as the facts he presented. | A careful reader would notice how the onerous requirement reveals a deeper conflict beneath the surface.",sat_300_plus_vocab_dataset,100210,2026-05-14 21:53:21.843548+00,2026-05-19 22:10:17.012665+00
211,opaque,hard to understand,The agency's opaque rules left applicants unsure how decisions were made. | The opaque glass in the bathroom provided privacy. | The opaque jargon in the manual makes it useless. | The murky water was completely opaque. | The opaque financial report hid the company's true losses.,sat_300_plus_vocab_dataset,220,2026-05-14 21:53:21.843548+00,2026-05-19 22:10:19.21454+00
212,ostensible,stated but possibly false,The trip's ostensible purpose was research but it also repaired alliances. | The ostensible reason for his resignation was health problems. | The ostensible leader of the group actually has very little power. | The ostensible charity was actually a front for tax evasion. | The ostensible plot hides a deeper psychological theme.,sat_300_plus_vocab_dataset,223,2026-05-14 21:53:21.843548+00,2026-05-19 22:10:19.21454+00
213,ostentatious,showy to impress others,"The mansion’s ostentatious entrance contrasted with the owner’s claims of modest taste. | The ostentatious display changed the passage’s tone, making the author’s attitude unmistakable. | Although the claim first appeared plausible, its ostentatious display became clear once the evidence was examined. | In the debate, the speaker’s ostentatious display mattered as much as the facts he presented. | A careful reader would notice how the ostentatious display reveals a deeper conflict beneath the surface.",sat_300_plus_vocab_dataset,100213,2026-05-14 21:53:21.843548+00,2026-05-19 22:10:17.012665+00
214,parochial,narrow in viewpoint,The committee's parochial concerns ignored the region's larger needs. | The parochial school only teaches local history. | His parochial attitude prevents him from understanding global issues. | The voters rejected the parochial candidate. | The newspaper has a highly parochial perspective.,sat_300_plus_vocab_dataset,225,2026-05-14 21:53:21.843548+00,2026-05-19 22:10:19.21454+00
215,partisan,strongly biased toward a side,The report sounded partisan because it ignored evidence from opponents. | The partisan divide in the country has never been wider. | The newspaper's partisan coverage favors the ruling party. | The partisan crowd booed the visiting team mercilessly. | A partisan block prevented the legislation from passing.,sat_300_plus_vocab_dataset,227,2026-05-14 21:53:21.843548+00,2026-05-19 22:10:19.21454+00
216,pedantic,overly focused on details,His pedantic corrections distracted from the speaker's main point. | The pedantic professor insists on exact citations. | The review was overly pedantic and missed the beauty of the art. | Her pedantic nature makes her a great proofreader but a difficult friend. | The pedantic argument over grammar ruined the debate.,sat_300_plus_vocab_dataset,228,2026-05-14 21:53:21.843548+00,2026-05-19 22:10:19.21454+00
217,perfunctory,done without real care,Her perfunctory apology satisfied the rule but not the students who felt ignored. | He gave a perfunctory nod to the guard. | The inspection was merely perfunctory. | She offered a perfunctory smile. | A perfunctory glance revealed nothing.,sat_300_plus_vocab_dataset,1,2026-05-14 21:53:21.843548+00,2026-05-19 22:10:19.21454+00
218,peripheral,less central or important,"The subplot is peripheral at first, but it later clarifies the hero’s motivation. | The peripheral issue changed the passage’s tone, making the author’s attitude unmistakable. | Although the claim first appeared plausible, its peripheral issue became clear once the evidence was examined. | In the debate, the speaker’s peripheral issue mattered as much as the facts he presented. | A careful reader would notice how the peripheral issue reveals a deeper conflict beneath the surface.",sat_300_plus_vocab_dataset,100218,2026-05-14 21:53:21.843548+00,2026-05-19 22:10:17.012665+00
219,pernicious,harmful in a subtle way,"The rumor had a pernicious effect, slowly eroding trust within the team. | The pernicious rumor changed the passage’s tone, making the author’s attitude unmistakable. | Although the claim first appeared plausible, its pernicious rumor became clear once the evidence was examined. | In the debate, the speaker’s pernicious rumor mattered as much as the facts he presented. | A careful reader would notice how the pernicious rumor reveals a deeper conflict beneath the surface.",sat_300_plus_vocab_dataset,100219,2026-05-14 21:53:21.843548+00,2026-05-19 22:10:17.012665+00
220,pervasive,spread throughout many places,A pervasive sense of uncertainty shaped every decision that year. | The pervasive smell of smoke lingered for days. | The pervasive influence of social media affects everyone. | The pervasive corruption in the city ruined the economy. | A pervasive fear gripped the town after the attack.,sat_300_plus_vocab_dataset,230,2026-05-14 21:53:21.843548+00,2026-05-19 22:10:19.21454+00
221,petulant,childishly sulky or irritable,"The actor’s petulant response to mild criticism surprised reporters at the event. | The petulant reply changed the passage’s tone, making the author’s attitude unmistakable. | Although the claim first appeared plausible, its petulant reply became clear once the evidence was examined. | In the debate, the speaker’s petulant reply mattered as much as the facts he presented. | A careful reader would notice how the petulant reply reveals a deeper conflict beneath the surface.",sat_300_plus_vocab_dataset,100221,2026-05-14 21:53:21.843548+00,2026-05-19 22:10:17.012665+00
222,placate,calm someone's anger,The airline offered refunds to placate passengers after the cancellation. | He bought her a diamond necklace to placate her. | The manager tried to placate the furious customer with a discount. | Nothing could placate the angry mob. | The treaty was designed to placate the hostile neighbor.,sat_300_plus_vocab_dataset,231,2026-05-14 21:53:21.843548+00,2026-05-19 22:10:19.21454+00
223,plausible,seeming reasonable or likely,Her explanation was plausible but still required evidence. | The movie features a highly plausible sci-fi scenario. | The suspect offered a plausible alibi for the night of the crime. | It is plausible that the climate will change drastically. | The theory is plausible but remains unproven.,sat_300_plus_vocab_dataset,232,2026-05-14 21:53:21.843548+00,2026-05-19 22:10:19.21454+00
224,poignant,deeply moving with sadness,"The memoir’s most poignant scene describes a reunion that occurs too late. | The poignant scene changed the passage’s tone, making the author’s attitude unmistakable. | Although the claim first appeared plausible, its poignant scene became clear once the evidence was examined. | In the debate, the speaker’s poignant scene mattered as much as the facts he presented. | A careful reader would notice how the poignant scene reveals a deeper conflict beneath the surface.",sat_300_plus_vocab_dataset,100224,2026-05-14 21:53:21.843548+00,2026-05-19 22:10:17.012665+00
225,polemical,strongly argumentative in tone,The book is polemical rather than balanced because it attacks every rival theory. | The journalist wrote a polemical article condemning the new law. | The polemical speech divided the audience. | A polemical tone is not appropriate for an objective encyclopedia. | The controversial film sparked a polemical debate.,sat_300_plus_vocab_dataset,233,2026-05-14 21:53:21.843548+00,2026-05-19 22:10:19.21454+00
226,pragmatic,practical and realistic,The mayor offered a pragmatic solution that both sides could accept. | A pragmatic approach focuses on results over ideology. | The pragmatic engineer chose the strongest material not the prettiest. | The pragmatic decision was to sell the failing business. | She is highly pragmatic when it comes to money.,sat_300_plus_vocab_dataset,234,2026-05-14 21:53:21.843548+00,2026-05-19 22:10:19.21454+00
227,precarious,dangerously unstable or uncertain,The ladder looked precarious after years of neglect. | The financial state of the company is highly precarious. | The climber balanced on a precarious ledge. | The peace treaty established a precarious cease-fire. | The precarious stack of books finally fell over.,sat_300_plus_vocab_dataset,235,2026-05-14 21:53:21.843548+00,2026-05-19 22:10:19.21454+00
228,precipitous,steep or sudden,The company faced a precipitous decline after the product recall. | The mountain path has a precipitous drop on one side. | The precipitous rise in inflation panicked the markets. | His precipitous decision to quit shocked his family. | The cliff face was completely precipitous.,sat_300_plus_vocab_dataset,237,2026-05-14 21:53:21.843548+00,2026-05-19 22:10:19.21454+00
229,preclude,prevent from happening,"The narrow entrance precludes the use of large equipment during restoration. | The editorial tried to preclude a fair comparison, but its evidence was too thin to persuade careful readers. | Rather than preclude a fair comparison, the author acknowledged uncertainty and strengthened the argument. | The committee’s attempt to preclude a fair comparison became a central issue in the investigation. | In the final paragraph, new testimony helps preclude a fair comparison and changes the reader’s interpretation.",sat_300_plus_vocab_dataset,100229,2026-05-14 21:53:21.843548+00,2026-05-19 22:10:17.012665+00
230,precocious,developed unusually early,"The precocious pianist composed a short concerto before entering high school. | The precocious child changed the passage’s tone, making the author’s attitude unmistakable. | Although the claim first appeared plausible, its precocious child became clear once the evidence was examined. | In the debate, the speaker’s precocious child mattered as much as the facts he presented. | A careful reader would notice how the precocious child reveals a deeper conflict beneath the surface.",sat_300_plus_vocab_dataset,100230,2026-05-14 21:53:21.843548+00,2026-05-19 22:10:17.012665+00
231,prescient,seeing future trends,The novelist was prescient about how technology would reshape friendship. | The prescient investor bought the stock before it skyrocketed. | The prescient warning saved many lives. | The science fiction movie seems incredibly prescient today. | Her prescient dreams often come true.,sat_300_plus_vocab_dataset,238,2026-05-14 21:53:21.843548+00,2026-05-19 22:10:19.21454+00
232,presumptuous,overly bold or forward,It was presumptuous to revise the plan without consulting the team. | The presumptuous guest started eating before the host sat down. | It is presumptuous to assume you know what she is thinking. | The presumptuous young intern told the CEO how to run the company. | I hope it is not presumptuous to offer my advice.,sat_300_plus_vocab_dataset,239,2026-05-14 21:53:21.843548+00,2026-05-19 22:10:19.21454+00
233,pretense,false appearance or claim,"The meeting maintained a pretense of cooperation while both sides prepared to withdraw. | The scholar presented the idea as a pretense, not as a conclusion supported by complete evidence. | The passage depends on a pretense that readers are expected to question rather than accept. | By invoking a pretense, the author exposes the gap between public appearance and private motive. | The debate turned on a pretense, since no witness could provide decisive proof.",sat_300_plus_vocab_dataset,100233,2026-05-14 21:53:21.843548+00,2026-05-19 22:10:17.012665+00
234,prodigious,impressively large or great,"The poet’s prodigious output included plays, essays, and hundreds of letters. | The prodigious talent changed the passage’s tone, making the author’s attitude unmistakable. | Although the claim first appeared plausible, its prodigious talent became clear once the evidence was examined. | In the debate, the speaker’s prodigious talent mattered as much as the facts he presented. | A careful reader would notice how the prodigious talent reveals a deeper conflict beneath the surface.",sat_300_plus_vocab_dataset,100234,2026-05-14 21:53:21.843548+00,2026-05-19 22:10:17.012665+00
235,prolific,producing much work,The prolific composer wrote music for film as well as concert halls and theater. | The prolific author publishes three novels a year. | The prolific apple tree produces hundreds of pounds of fruit. | The prolific inventor held over a thousand patents. | The prolific artist filled the gallery with new paintings.,sat_300_plus_vocab_dataset,241,2026-05-14 21:53:21.843548+00,2026-05-19 22:10:19.21454+00
236,proponent,person who supports an idea,"A proponent of open data, Singh argued that public research should be freely accessible. | The prosecutor portrayed him as a proponent, arguing that his polished language concealed a lack of real expertise. | Even sympathetic observers began to doubt the proponent when his credentials could not be verified. | In the passage, the proponent gains influence by exploiting the public’s desire for easy answers. | The narrator contrasts the proponent with a careful scholar who admits the limits of her knowledge.",sat_300_plus_vocab_dataset,100236,2026-05-14 21:53:21.843548+00,2026-05-19 22:10:17.012665+00
237,prosaic,plain and ordinary,The poem turns prosaic details into moments of reflection. | The prosaic reality of farming involves a lot of hard manual labor. | The prosaic architecture of the office building is uninspiring. | He gave a prosaic description of his trip to the grocery store. | The prosaic language in the manual is exactly what is needed.,sat_300_plus_vocab_dataset,243,2026-05-14 21:53:21.843548+00,2026-05-19 22:10:19.21454+00
238,provisional,temporary and subject to change,"The map is provisional until surveyors confirm the boundary markers. | The provisional agreement changed the passage’s tone, making the author’s attitude unmistakable. | Although the claim first appeared plausible, its provisional agreement became clear once the evidence was examined. | In the debate, the speaker’s provisional agreement mattered as much as the facts he presented. | A careful reader would notice how the provisional agreement reveals a deeper conflict beneath the surface.",sat_300_plus_vocab_dataset,100238,2026-05-14 21:53:21.843548+00,2026-05-19 22:10:17.012665+00
239,prudent,careful and wise,Saving extra supplies was prudent given the storm forecast. | It is prudent to check your mirrors before changing lanes. | The prudent investor diversified her portfolio. | A prudent approach minimizes the risk of failure. | The prudent king saved grain during the years of plenty.,sat_300_plus_vocab_dataset,244,2026-05-14 21:53:21.843548+00,2026-05-19 22:10:19.21454+00
240,pugnacious,eager to argue or fight,"The pugnacious columnist treated every disagreement as an invitation to battle. | The pugnacious critic changed the passage’s tone, making the author’s attitude unmistakable. | Although the claim first appeared plausible, its pugnacious critic became clear once the evidence was examined. | In the debate, the speaker’s pugnacious critic mattered as much as the facts he presented. | A careful reader would notice how the pugnacious critic reveals a deeper conflict beneath the surface.",sat_300_plus_vocab_dataset,100240,2026-05-14 21:53:21.843548+00,2026-05-19 22:10:17.012665+00
241,qualified,limited or conditional,"The committee offered qualified support, praising the aim while questioning the budget. | The qualified endorsement changed the passage’s tone, making the author’s attitude unmistakable. | Although the claim first appeared plausible, its qualified endorsement became clear once the evidence was examined. | In the debate, the speaker’s qualified endorsement mattered as much as the facts he presented. | A careful reader would notice how the qualified endorsement reveals a deeper conflict beneath the surface.",sat_300_plus_vocab_dataset,100241,2026-05-14 21:53:21.843548+00,2026-05-19 22:10:17.012665+00
242,quixotic,idealistic but impractical,His quixotic plan inspired volunteers but ignored basic costs. | The quixotic quest to find the lost city bankrupt the explorer. | Her quixotic desire to solve world hunger is noble but difficult. | The quixotic knight charged at the windmill. | The startup failed due to its quixotic business model.,sat_300_plus_vocab_dataset,245,2026-05-14 21:53:21.843548+00,2026-05-19 22:10:19.21454+00
243,rancorous,full of bitter resentment,The debate became rancorous after both candidates questioned each other's motives. | The rancorous divorce destroyed the family. | The rancorous dispute over property lines lasted for years. | A rancorous mood settled over the divided meeting. | The rancorous online comments forced the website to close the forum.,sat_300_plus_vocab_dataset,246,2026-05-14 21:53:21.843548+00,2026-05-19 22:10:19.21454+00
244,rebut,answer by proving wrong,"The scientist used new data to rebut claims that the pattern was random. | The editorial tried to rebut the senator’s claim, but its evidence was too thin to persuade careful readers. | Rather than rebut the senator’s claim, the author acknowledged uncertainty and strengthened the argument. | The committee’s attempt to rebut the senator’s claim became a central issue in the investigation. | In the final paragraph, new testimony helps rebut the senator’s claim and changes the reader’s interpretation.",sat_300_plus_vocab_dataset,100244,2026-05-14 21:53:21.843548+00,2026-05-19 22:10:17.012665+00
245,recalcitrant,stubbornly refusing to cooperate,The recalcitrant printer jammed whenever the office needed urgent copies. | The recalcitrant child refused to eat his vegetables. | The recalcitrant prisoner spent time in solitary confinement. | The recalcitrant union leaders rejected every offer. | The recalcitrant horse refused to jump the fence.,sat_300_plus_vocab_dataset,247,2026-05-14 21:53:21.843548+00,2026-05-19 22:10:19.21454+00
246,reconcile,make consistent or harmonious,"The historian tried to reconcile two accounts that described the same event differently. | The editorial tried to reconcile the two conflicting accounts, but its evidence was too thin to persuade careful readers. | Rather than reconcile the two conflicting accounts, the author acknowledged uncertainty and strengthened the argument. | The committee’s attempt to reconcile the two conflicting accounts became a central issue in the investigation. | In the final paragraph, new testimony helps reconcile the two conflicting accounts and changes the reader’s interpretation.",sat_300_plus_vocab_dataset,100246,2026-05-14 21:53:21.843548+00,2026-05-19 22:10:17.012665+00
247,refute,prove to be false,The experiment refuted the claim that the material was waterproof. | The lawyer used phone records to refute the suspect's alibi. | Galileo's telescope helped refute the earth-centric model. | He wrote an essay to refute his critics. | The evidence decisively refutes the conspiracy theory.,sat_300_plus_vocab_dataset,250,2026-05-14 21:53:21.843548+00,2026-05-19 22:10:19.21454+00
248,relegate,assign lower status,The update relegated older features to a hidden menu. | The injured star player was relegated to the bench. | The failing team was relegated to a lower division. | The task of cleaning was relegated to the newest employee. | The outdated computer was relegated to the storage closet.,sat_300_plus_vocab_dataset,251,2026-05-14 21:53:21.843548+00,2026-05-19 22:10:19.21454+00
249,renounce,formally give up or reject,"The philosopher renounced his earlier view after encountering evidence he could not dismiss. | The editorial tried to renounce his earlier theory, but its evidence was too thin to persuade careful readers. | Rather than renounce his earlier theory, the author acknowledged uncertainty and strengthened the argument. | The committee’s attempt to renounce his earlier theory became a central issue in the investigation. | In the final paragraph, new testimony helps renounce his earlier theory and changes the reader’s interpretation.",sat_300_plus_vocab_dataset,100249,2026-05-14 21:53:21.843548+00,2026-05-19 22:10:17.012665+00
250,repudiate,reject as false or wrong,"The author publicly repudiated the article after learning that its main source was fabricated. | The editorial tried to repudiate the forged document, but its evidence was too thin to persuade careful readers. | Rather than repudiate the forged document, the author acknowledged uncertainty and strengthened the argument. | The committee’s attempt to repudiate the forged document became a central issue in the investigation. | In the final paragraph, new testimony helps repudiate the forged document and changes the reader’s interpretation.",sat_300_plus_vocab_dataset,100250,2026-05-14 21:53:21.843548+00,2026-05-19 22:10:17.012665+00
251,rescind,cancel in an official way,The university voted to rescind the rule after students challenged it. | The company decided to rescind the controversial job offer. | The government rescinded the mandatory curfew. | The order to attack was rescinded at the last moment. | The invitation was rescinded following his terrible behavior.,sat_300_plus_vocab_dataset,300,2026-05-14 21:53:21.843548+00,2026-05-19 22:10:19.21454+00
252,reticent,reserved or reluctant,The researcher was reticent about results that had not been replicated. | The normally talkative girl was strangely reticent. | He is reticent to discuss his personal life with the press. | The reticent suspect refused to answer the detective's questions. | Her reticent nature makes her seem mysterious.,sat_300_plus_vocab_dataset,254,2026-05-14 21:53:21.843548+00,2026-05-19 22:10:19.21454+00
253,reverent,deeply respectful in attitude,"The documentary takes a reverent approach to its subject, avoiding gossip and speculation. | The reverent tribute changed the passage’s tone, making the author’s attitude unmistakable. | Although the claim first appeared plausible, its reverent tribute became clear once the evidence was examined. | In the debate, the speaker’s reverent tribute mattered as much as the facts he presented. | A careful reader would notice how the reverent tribute reveals a deeper conflict beneath the surface.",sat_300_plus_vocab_dataset,100253,2026-05-14 21:53:21.843548+00,2026-05-19 22:10:17.012665+00
254,rudimentary,basic and undeveloped,"The shelter had only rudimentary medical supplies, so serious cases were sent elsewhere. | The rudimentary shelter changed the passage’s tone, making the author’s attitude unmistakable. | Although the claim first appeared plausible, its rudimentary shelter became clear once the evidence was examined. | In the debate, the speaker’s rudimentary shelter mattered as much as the facts he presented. | A careful reader would notice how the rudimentary shelter reveals a deeper conflict beneath the surface.",sat_300_plus_vocab_dataset,100254,2026-05-14 21:53:21.843548+00,2026-05-19 22:10:17.012665+00
255,salient,most important or noticeable,The salient point is that the study measured behavior rather than intentions. | The salient feature of the landscape is the massive volcano. | The lawyer summarized the salient facts of the case for the jury. | The salient difference between the two models is the price. | Her salient weakness is her terrible time management.,sat_300_plus_vocab_dataset,257,2026-05-14 21:53:21.843548+00,2026-05-19 22:10:19.21454+00
256,sanguine,optimistic and confident,Economists were sanguine about recovery after several months of growth. | He remained sanguine despite the terrible news. | Her sanguine disposition makes her a joy to be around. | The team is sanguine about their chances of winning the championship. | A sanguine attitude is helpful in stressful situations.,sat_300_plus_vocab_dataset,258,2026-05-14 21:53:21.843548+00,2026-05-19 22:10:19.21454+00
257,sardonic,mocking and bitter,His sardonic remark turned applause into uneasy laughter. | The sardonic comedian targets the hypocrisy of politicians. | She gave a sardonic smile when the naive plan was proposed. | His sardonic tone makes it hard to know if he's joking. | The novel is a sardonic critique of modern society.,sat_300_plus_vocab_dataset,259,2026-05-14 21:53:21.843548+00,2026-05-19 22:10:19.21454+00
258,scrupulous,careful and principled,The scrupulous journalist verified every quotation before publication. | The scrupulous accountant found the missing penny. | He is scrupulous in his adherence to the law. | The scrupulous cleaning left the kitchen spotless. | A scrupulous attention to detail is required for this job.,sat_300_plus_vocab_dataset,260,2026-05-14 21:53:21.843548+00,2026-05-19 22:10:19.21454+00
259,scrutinize,examine very closely,Auditors will scrutinize the accounts before approving the grant. | The detective scrutinized the crime scene for clues. | The committee scrutinized the proposal line by line. | The scientist scrutinized the data for any anomalies. | The media heavily scrutinized the candidate's past.,sat_300_plus_vocab_dataset,261,2026-05-14 21:53:21.843548+00,2026-05-19 22:10:19.21454+00
260,sedulous,diligent and persistent,"The sedulous assistant cataloged every specimen before the museum reopened. | The sedulous researcher changed the passage’s tone, making the author’s attitude unmistakable. | Although the claim first appeared plausible, its sedulous researcher became clear once the evidence was examined. | In the debate, the speaker’s sedulous researcher mattered as much as the facts he presented. | A careful reader would notice how the sedulous researcher reveals a deeper conflict beneath the surface.",sat_300_plus_vocab_dataset,100260,2026-05-14 21:53:21.843548+00,2026-05-19 22:10:17.012665+00
261,seminal,strongly influential and original,"The paper became seminal because later researchers built entire fields from its method. | The seminal essay changed the passage’s tone, making the author’s attitude unmistakable. | Although the claim first appeared plausible, its seminal essay became clear once the evidence was examined. | In the debate, the speaker’s seminal essay mattered as much as the facts he presented. | A careful reader would notice how the seminal essay reveals a deeper conflict beneath the surface.",sat_300_plus_vocab_dataset,100261,2026-05-14 21:53:21.843548+00,2026-05-19 22:10:17.012665+00
262,serendipitous,discovered by fortunate accident,"The cure’s discovery was serendipitous, emerging from an experiment designed for another purpose. | The serendipitous discovery changed the passage’s tone, making the author’s attitude unmistakable. | Although the claim first appeared plausible, its serendipitous discovery became clear once the evidence was examined. | In the debate, the speaker’s serendipitous discovery mattered as much as the facts he presented. | A careful reader would notice how the serendipitous discovery reveals a deeper conflict beneath the surface.",sat_300_plus_vocab_dataset,100262,2026-05-14 21:53:21.843548+00,2026-05-19 22:10:17.012665+00
263,skeptical,inclined to doubt claims,"The editor remained skeptical until the reporter produced documents supporting the story. | The skeptical reviewer changed the passage’s tone, making the author’s attitude unmistakable. | Although the claim first appeared plausible, its skeptical reviewer became clear once the evidence was examined. | In the debate, the speaker’s skeptical reviewer mattered as much as the facts he presented. | A careful reader would notice how the skeptical reviewer reveals a deeper conflict beneath the surface.",sat_300_plus_vocab_dataset,100263,2026-05-14 21:53:21.843548+00,2026-05-19 22:10:17.012665+00
264,soporific,tending to cause sleepiness,The lecture's soporific pace made even interested students struggle. | The warm milk had a pleasant soporific effect. | The soporific heat of the afternoon made everyone nap. | The soporific documentary put half the audience to sleep. | The medicine is highly soporific and shouldn't be taken before driving.,sat_300_plus_vocab_dataset,263,2026-05-14 21:53:21.843548+00,2026-05-19 22:10:19.21454+00
265,specious,false but seeming plausible,His specious excuse sounded reasonable until the dates proved it impossible. | The advertisement made specious claims about weight loss. | She recognized his specious reasoning immediately. | It was a specious argument designed to distract. | The theory proved to be entirely specious.,sat_300_plus_vocab_dataset,6,2026-05-14 21:53:21.843548+00,2026-05-19 22:10:19.21454+00
266,sporadic,occurring irregularly or occasionally,"The region received only sporadic rainfall, making farming unreliable. | The sporadic rainfall changed the passage’s tone, making the author’s attitude unmistakable. | Although the claim first appeared plausible, its sporadic rainfall became clear once the evidence was examined. | In the debate, the speaker’s sporadic rainfall mattered as much as the facts he presented. | A careful reader would notice how the sporadic rainfall reveals a deeper conflict beneath the surface.",sat_300_plus_vocab_dataset,100266,2026-05-14 21:53:21.843548+00,2026-05-19 22:10:17.012665+00
267,spurious,false or not genuine,The researcher removed spurious correlations that resulted from bad coding. | The spurious rumor ruined her reputation. | The painting was revealed to be a spurious copy. | The politician made a spurious claim about his opponent. | The logic of the argument is entirely spurious.,sat_300_plus_vocab_dataset,264,2026-05-14 21:53:21.843548+00,2026-05-19 22:10:19.21454+00
268,stalwart,loyal and dependable,"A stalwart defender of the program, Ortiz attended every budget meeting. | The stalwart ally changed the passage’s tone, making the author’s attitude unmistakable. | Although the claim first appeared plausible, its stalwart ally became clear once the evidence was examined. | In the debate, the speaker’s stalwart ally mattered as much as the facts he presented. | A careful reader would notice how the stalwart ally reveals a deeper conflict beneath the surface.",sat_300_plus_vocab_dataset,100268,2026-05-14 21:53:21.843548+00,2026-05-19 22:10:17.012665+00
269,steadfast,firm and loyal,Her steadfast support kept the project alive during repeated setbacks. | The steadfast soldier refused to abandon his post. | A steadfast belief in justice drives her work. | The steadfast dog waited for its master every day. | Their steadfast friendship survived many arguments.,sat_300_plus_vocab_dataset,265,2026-05-14 21:53:21.843548+00,2026-05-19 22:10:19.21454+00
270,stymie,block or hinder progress,"Missing records stymied the investigation for months. | The editorial tried to stymie the investigation, but its evidence was too thin to persuade careful readers. | Rather than stymie the investigation, the author acknowledged uncertainty and strengthened the argument. | The committee’s attempt to stymie the investigation became a central issue in the investigation. | In the final paragraph, new testimony helps stymie the investigation and changes the reader’s interpretation.",sat_300_plus_vocab_dataset,100270,2026-05-14 21:53:21.843548+00,2026-05-19 22:10:17.012665+00
271,substantiate,support with solid evidence,"The committee asked the speaker to substantiate the allegation before repeating it publicly. | The editorial tried to substantiate the accusation, but its evidence was too thin to persuade careful readers. | Rather than substantiate the accusation, the author acknowledged uncertainty and strengthened the argument. | The committee’s attempt to substantiate the accusation became a central issue in the investigation. | In the final paragraph, new testimony helps substantiate the accusation and changes the reader’s interpretation.",sat_300_plus_vocab_dataset,100271,2026-05-14 21:53:21.843548+00,2026-05-19 22:10:17.012665+00
272,substantive,having real importance or substance,"The revision was substantive, changing the argument rather than merely correcting grammar. | The substantive revision changed the passage’s tone, making the author’s attitude unmistakable. | Although the claim first appeared plausible, its substantive revision became clear once the evidence was examined. | In the debate, the speaker’s substantive revision mattered as much as the facts he presented. | A careful reader would notice how the substantive revision reveals a deeper conflict beneath the surface.",sat_300_plus_vocab_dataset,100272,2026-05-14 21:53:21.843548+00,2026-05-19 22:10:17.012665+00
273,succinct,brief and clear,The best summary was succinct yet captured the argument's nuance. | Please keep your answers succinct and to the point. | The succinct instructions are easy to follow. | A succinct text message informed him of the change. | The succinct presentation won over the busy executives.,sat_300_plus_vocab_dataset,267,2026-05-14 21:53:21.843548+00,2026-05-19 22:10:19.21454+00
274,supercilious,arrogantly disdainful or superior,"The critic’s supercilious tone suggested that popular taste was beneath consideration. | The supercilious tone changed the passage’s tone, making the author’s attitude unmistakable. | Although the claim first appeared plausible, its supercilious tone became clear once the evidence was examined. | In the debate, the speaker’s supercilious tone mattered as much as the facts he presented. | A careful reader would notice how the supercilious tone reveals a deeper conflict beneath the surface.",sat_300_plus_vocab_dataset,100274,2026-05-14 21:53:21.843548+00,2026-05-19 22:10:17.012665+00
275,superfluous,more than necessary,The final paragraph was superfluous because it repeated earlier points. | The superfluous decorations made the room look cluttered. | A superfluous amount of salt ruined the soup. | The manual contains superfluous information that confuses users. | The superfluous buttons on the remote control are never used.,sat_300_plus_vocab_dataset,268,2026-05-14 21:53:21.843548+00,2026-05-19 22:10:19.21454+00
276,supplant,replace or displace,Digital archives began to supplant paper records in many libraries. | The new technology will eventually supplant the old systems. | The rebel leader sought to supplant the current dictator. | The invasive weed has supplanted the native flowers. | Electric cars are slowly supplanting gas-powered vehicles.,sat_300_plus_vocab_dataset,269,2026-05-14 21:53:21.843548+00,2026-05-19 22:10:19.21454+00
277,surreptitious,done secretly or stealthily,"The student made a surreptitious recording of the meeting, later raising privacy concerns. | The surreptitious meeting changed the passage’s tone, making the author’s attitude unmistakable. | Although the claim first appeared plausible, its surreptitious meeting became clear once the evidence was examined. | In the debate, the speaker’s surreptitious meeting mattered as much as the facts he presented. | A careful reader would notice how the surreptitious meeting reveals a deeper conflict beneath the surface.",sat_300_plus_vocab_dataset,100277,2026-05-14 21:53:21.843548+00,2026-05-19 22:10:17.012665+00
278,tacit,understood without words,Their tacit agreement allowed the meeting to proceed smoothly. | The tacit approval of the manager was all he needed. | There is a tacit understanding between the two rivals. | The nod was a tacit signal to begin the operation. | A tacit rule prevents employees from dating each other.,sat_300_plus_vocab_dataset,270,2026-05-14 21:53:21.843548+00,2026-05-19 22:10:19.21454+00
279,taciturn,habitually saying very little,The taciturn scientist preferred data to long explanations. | The taciturn teenager barely spoke at dinner. | The taciturn cowboy is a classic movie trope. | The taciturn driver ignored the passengers' questions. | Being taciturn doesn't mean you have nothing to say.,sat_300_plus_vocab_dataset,271,2026-05-14 21:53:21.843548+00,2026-05-19 22:10:19.21454+00
280,tangential,only slightly related,"The anecdote was interesting but tangential to the essay’s main claim. | The tangential point changed the passage’s tone, making the author’s attitude unmistakable. | Although the claim first appeared plausible, its tangential point became clear once the evidence was examined. | In the debate, the speaker’s tangential point mattered as much as the facts he presented. | A careful reader would notice how the tangential point reveals a deeper conflict beneath the surface.",sat_300_plus_vocab_dataset,100280,2026-05-14 21:53:21.843548+00,2026-05-19 22:10:17.012665+00
281,tantamount,equivalent in effect,"The budget cut was tantamount to canceling the program because no staff would remain. | The tantamount refusal changed the passage’s tone, making the author’s attitude unmistakable. | Although the claim first appeared plausible, its tantamount refusal became clear once the evidence was examined. | In the debate, the speaker’s tantamount refusal mattered as much as the facts he presented. | A careful reader would notice how the tantamount refusal reveals a deeper conflict beneath the surface.",sat_300_plus_vocab_dataset,100281,2026-05-14 21:53:21.843548+00,2026-05-19 22:10:17.012665+00
282,tenable,able to be defended,The theory remained tenable because new data supported its main prediction. | His position is no longer tenable. | We need a tenable solution to this crisis. | The fort was tenable against the siege. | She offered a tenable alternative to the plan.,sat_300_plus_vocab_dataset,7,2026-05-14 21:53:21.843548+00,2026-05-19 22:10:19.21454+00
283,tentative,uncertain and not final,"The committee reached a tentative agreement, pending approval from both departments. | The tentative conclusion changed the passage’s tone, making the author’s attitude unmistakable. | Although the claim first appeared plausible, its tentative conclusion became clear once the evidence was examined. | In the debate, the speaker’s tentative conclusion mattered as much as the facts he presented. | A careful reader would notice how the tentative conclusion reveals a deeper conflict beneath the surface.",sat_300_plus_vocab_dataset,100283,2026-05-14 21:53:21.843548+00,2026-05-19 22:10:17.012665+00
284,tenuous,weak or uncertain,The connection between the two events remained tenuous. | The tenuous thread snapped under the weight. | The government's grip on power is incredibly tenuous. | The tenuous evidence was thrown out by the judge. | The tenuous peace agreement collapsed after a week.,sat_300_plus_vocab_dataset,272,2026-05-14 21:53:21.843548+00,2026-05-19 22:10:19.21454+00
285,terse,brief and abrupt,"The director’s terse email announced the delay without explanation. | The terse memo changed the passage’s tone, making the author’s attitude unmistakable. | Although the claim first appeared plausible, its terse memo became clear once the evidence was examined. | In the debate, the speaker’s terse memo mattered as much as the facts he presented. | A careful reader would notice how the terse memo reveals a deeper conflict beneath the surface.",sat_300_plus_vocab_dataset,100285,2026-05-14 21:53:21.843548+00,2026-05-19 22:10:17.012665+00
286,thwart,prevent from succeeding,"Heavy cloud cover thwarted the astronomers’ attempt to observe the eclipse. | The editorial tried to thwart the rescue effort, but its evidence was too thin to persuade careful readers. | Rather than thwart the rescue effort, the author acknowledged uncertainty and strengthened the argument. | The committee’s attempt to thwart the rescue effort became a central issue in the investigation. | In the final paragraph, new testimony helps thwart the rescue effort and changes the reader’s interpretation.",sat_300_plus_vocab_dataset,100286,2026-05-14 21:53:21.843548+00,2026-05-19 22:10:17.012665+00
287,torpid,sluggish and inactive,"The torpid economy showed little sign of recovery until exports increased. | The torpid economy changed the passage’s tone, making the author’s attitude unmistakable. | Although the claim first appeared plausible, its torpid economy became clear once the evidence was examined. | In the debate, the speaker’s torpid economy mattered as much as the facts he presented. | A careful reader would notice how the torpid economy reveals a deeper conflict beneath the surface.",sat_300_plus_vocab_dataset,100287,2026-05-14 21:53:21.843548+00,2026-05-19 22:10:17.012665+00
288,tractable,easy to manage,The problem became tractable once the data were grouped by region. | The tractable dog learned the new tricks easily. | The tractable clay is perfect for beginners. | The tractable workforce accepted the new conditions. | The equation is highly tractable using this method.,sat_300_plus_vocab_dataset,274,2026-05-14 21:53:21.843548+00,2026-05-19 22:10:19.21454+00
289,transient,lasting only briefly,The storm caused transient flooding that disappeared by morning. | The transient beauty of the rainbow faded quickly. | The transient workers moved from town to town. | The transient pain from the injection was minor. | The transient nature of life is a common theme.,sat_300_plus_vocab_dataset,275,2026-05-14 21:53:21.843548+00,2026-05-19 22:10:19.21454+00
290,trenchant,sharp and effective,Her trenchant critique exposed assumptions the committee had overlooked. | The trenchant political cartoon summarized the entire scandal. | His trenchant observations made the debate lively. | The trenchant sword cut clean through the armor. | The trenchant wit of the author offended some readers.,sat_300_plus_vocab_dataset,276,2026-05-14 21:53:21.843548+00,2026-05-19 22:10:19.21454+00
291,ubiquitous,present almost everywhere,Smartphones became ubiquitous faster than many educators expected. | The ubiquitous security cameras track everything in the city. | The ubiquitous pop song played in every store. | Coffee shops are ubiquitous in the downtown area. | The ubiquitous pigeon can be found in most cities.,sat_300_plus_vocab_dataset,277,2026-05-14 21:53:21.843548+00,2026-05-19 22:10:19.21454+00
292,unassuming,modest and not showy,"The unassuming scientist avoided attention despite having led the landmark study. | The unassuming scholar changed the passage’s tone, making the author’s attitude unmistakable. | Although the claim first appeared plausible, its unassuming scholar became clear once the evidence was examined. | In the debate, the speaker’s unassuming scholar mattered as much as the facts he presented. | A careful reader would notice how the unassuming scholar reveals a deeper conflict beneath the surface.",sat_300_plus_vocab_dataset,100292,2026-05-14 21:53:21.843548+00,2026-05-19 22:10:17.012665+00
293,undermine,weaken gradually or secretly,"Inconsistent rules can undermine trust even when leaders intend to be fair. | The editorial tried to undermine public confidence, but its evidence was too thin to persuade careful readers. | Rather than undermine public confidence, the author acknowledged uncertainty and strengthened the argument. | The committee’s attempt to undermine public confidence became a central issue in the investigation. | In the final paragraph, new testimony helps undermine public confidence and changes the reader’s interpretation.",sat_300_plus_vocab_dataset,100293,2026-05-14 21:53:21.843548+00,2026-05-19 22:10:17.012665+00
294,unequivocal,clear and unambiguous,The results provided unequivocal evidence that the treatment worked. | The general gave an unequivocal order to attack. | The answer is an unequivocal no. | The unequivocal success of the launch pleased the engineers. | The unequivocal support of the crowd energized the team.,sat_300_plus_vocab_dataset,278,2026-05-14 21:53:21.843548+00,2026-05-19 22:10:19.21454+00
295,unprecedented,never having happened before,"The court faced an unprecedented question about ownership of digital artifacts. | The unprecedented ruling changed the passage’s tone, making the author’s attitude unmistakable. | Although the claim first appeared plausible, its unprecedented ruling became clear once the evidence was examined. | In the debate, the speaker’s unprecedented ruling mattered as much as the facts he presented. | A careful reader would notice how the unprecedented ruling reveals a deeper conflict beneath the surface.",sat_300_plus_vocab_dataset,100295,2026-05-14 21:53:21.843548+00,2026-05-19 22:10:17.012665+00
296,untenable,impossible to defend,The explanation became untenable once the records were released. | The commander realized his position was untenable and retreated. | The untenable cost of the project forced its cancellation. | The untenable living conditions caused a mass migration. | His untenable argument fell apart quickly.,sat_300_plus_vocab_dataset,279,2026-05-14 21:53:21.843548+00,2026-05-19 22:10:19.21454+00
297,urbane,polished and sophisticated,"The diplomat’s urbane manner helped ease tension during the reception. | The urbane diplomat changed the passage’s tone, making the author’s attitude unmistakable. | Although the claim first appeared plausible, its urbane diplomat became clear once the evidence was examined. | In the debate, the speaker’s urbane diplomat mattered as much as the facts he presented. | A careful reader would notice how the urbane diplomat reveals a deeper conflict beneath the surface.",sat_300_plus_vocab_dataset,100297,2026-05-14 21:53:21.843548+00,2026-05-19 22:10:17.012665+00
298,vacillate,waver between choices,The council continued to vacillate while costs increased. | The politician vacillated on the important issue. | The vacillating needle of the compass couldn't find north. | He vacillated between ordering pizza and tacos. | The market is vacillating due to uncertainty.,sat_300_plus_vocab_dataset,280,2026-05-14 21:53:21.843548+00,2026-05-19 22:10:19.21454+00
299,vacuous,empty of thought or meaning,"The slogan sounded inspiring but was vacuous without a plan behind it. | The vacuous slogan changed the passage’s tone, making the author’s attitude unmistakable. | Although the claim first appeared plausible, its vacuous slogan became clear once the evidence was examined. | In the debate, the speaker’s vacuous slogan mattered as much as the facts he presented. | A careful reader would notice how the vacuous slogan reveals a deeper conflict beneath the surface.",sat_300_plus_vocab_dataset,100299,2026-05-14 21:53:21.843548+00,2026-05-19 22:10:17.012665+00
300,vehement,intense and forceful,"Residents were vehement in their opposition to closing the neighborhood clinic. | The vehement objection changed the passage’s tone, making the author’s attitude unmistakable. | Although the claim first appeared plausible, its vehement objection became clear once the evidence was examined. | In the debate, the speaker’s vehement objection mattered as much as the facts he presented. | A careful reader would notice how the vehement objection reveals a deeper conflict beneath the surface.",sat_300_plus_vocab_dataset,100300,2026-05-14 21:53:21.843548+00,2026-05-19 22:10:17.012665+00
301,venerable,respected due to age,The venerable institution adapted without abandoning its traditions. | The venerable old oak tree stood in the center of town. | The venerable professor retired after forty years of teaching. | The venerable clock still keeps perfect time. | The venerable monk imparted wisdom to the novices.,sat_300_plus_vocab_dataset,281,2026-05-14 21:53:21.843548+00,2026-05-19 22:10:19.21454+00
302,veracity,truthfulness or accuracy,The diary's veracity was questioned because key dates were wrong. | The veracity of the witness's claim is crucial to the case. | The scientific community debates the veracity of the new study. | The veracity of the ancient map was confirmed. | We must verify the veracity of the source.,sat_300_plus_vocab_dataset,282,2026-05-14 21:53:21.843548+00,2026-05-19 22:10:19.21454+00
303,verbose,using too many words,The verbose memo hid a simple request in five paragraphs. | The verbose speaker lost the attention of the audience. | The verbose manual could be shortened to one page. | The verbose politician never answers a question directly. | The verbose code is hard to read and debug.,sat_300_plus_vocab_dataset,283,2026-05-14 21:53:21.843548+00,2026-05-19 22:10:19.21454+00
304,viable,able to succeed,The plan became viable only after transportation costs fell. | The viable alternative is to build a new factory entirely. | The viable seed grew into a healthy plant. | The viable business model attracted many investors. | The viable embryo was successfully implanted.,sat_300_plus_vocab_dataset,284,2026-05-14 21:53:21.843548+00,2026-05-19 22:10:19.21454+00
305,vindicate,show to be right,The later discovery vindicated the scientist's unpopular hypothesis. | The security footage will completely vindicate the wrongly accused man. | The vindictive critic was unhappy when the film was vindicated by the public. | History will vindicate our difficult decision. | The test results vindicate the safety of the bridge.,sat_300_plus_vocab_dataset,285,2026-05-14 21:53:21.843548+00,2026-05-19 22:10:19.21454+00
306,vindictive,desiring revenge or punishment,"The manager’s vindictive response to criticism created fear rather than improvement. | The vindictive response changed the passage’s tone, making the author’s attitude unmistakable. | Although the claim first appeared plausible, its vindictive response became clear once the evidence was examined. | In the debate, the speaker’s vindictive response mattered as much as the facts he presented. | A careful reader would notice how the vindictive response reveals a deeper conflict beneath the surface.",sat_300_plus_vocab_dataset,306,2026-05-14 21:53:21.843548+00,2026-05-14 21:53:21.843548+00
307,virulent,extremely harmful or hostile,"The pamphlet’s virulent attacks made civil debate nearly impossible. | The virulent attack changed the passage’s tone, making the author’s attitude unmistakable. | Although the claim first appeared plausible, its virulent attack became clear once the evidence was examined. | In the debate, the speaker’s virulent attack mattered as much as the facts he presented. | A careful reader would notice how the virulent attack reveals a deeper conflict beneath the surface.",sat_300_plus_vocab_dataset,307,2026-05-14 21:53:21.843548+00,2026-05-14 21:53:21.843548+00
308,volatile,quickly changing or unstable,Prices remained volatile after the supply chain failed. | The volatile chemical must be stored at a low temperature. | The volatile political situation could lead to war. | His volatile temper makes him dangerous to work with. | The volatile stock market crashed on Tuesday.,sat_300_plus_vocab_dataset,287,2026-05-14 21:53:21.843548+00,2026-05-19 22:10:19.21454+00
309,wary,careful and suspicious,Investors were wary of promises unsupported by data. | The wary cat watched the dog from the fence. | I am wary of strangers asking for money. | The wary soldiers advanced slowly through the jungle. | The wary consumer always reads the reviews first.,sat_300_plus_vocab_dataset,288,2026-05-14 21:53:21.843548+00,2026-05-19 22:10:19.21454+00
310,whimsical,playful or fanciful,"The illustrator’s whimsical maps included sea monsters, invented islands, and tiny jokes. | The whimsical illustration changed the passage’s tone, making the author’s attitude unmistakable. | Although the claim first appeared plausible, its whimsical illustration became clear once the evidence was examined. | In the debate, the speaker’s whimsical illustration mattered as much as the facts he presented. | A careful reader would notice how the whimsical illustration reveals a deeper conflict beneath the surface.",sat_300_plus_vocab_dataset,310,2026-05-14 21:53:21.843548+00,2026-05-14 21:53:21.843548+00
311,zealous,fervently committed to a cause,The zealous volunteer recruited classmates for every weekend cleanup. | The zealous detective worked through the night on the case. | The zealous fans painted their faces with the team colors. | The zealous preacher condemned modern conveniences. | The zealous advocate fought tirelessly for the victims.,sat_300_plus_vocab_dataset,289,2026-05-14 21:53:21.843548+00,2026-05-19 22:10:19.21454+00
324,abate,become less intense,Public anger began to abate once officials released the missing records. | The storm will abate by morning. | We waited for the wind to abate. | His symptoms finally began to abate. | The noise from the street did not abate.,sat_300_plus_vocab_dataset,12,2026-05-19 22:10:19.21454+00,2026-05-19 22:10:19.21454+00
325,abjure,formally reject or renounce,The critic urged artists to abjure formulas and seek riskier methods. | The king was forced to abjure his faith. | She chose to abjure her former beliefs. | He abjured his allegiance to the old regime. | The cult members abjured all worldly possessions.,sat_300_plus_vocab_dataset,13,2026-05-19 22:10:19.21454+00,2026-05-19 22:10:19.21454+00
326,abstemious,avoiding excess or indulgence,Her abstemious habits made the lavish banquet seem more ceremonial than tempting. | The monk led an abstemious life. | He is abstemious with his alcohol consumption. | An abstemious diet helped her recover. | They ate an abstemious meal of bread and water.,sat_300_plus_vocab_dataset,14,2026-05-19 22:10:19.21454+00,2026-05-19 22:10:19.21454+00
328,accede,agree or give in,The committee finally acceded to the request for a longer review period. | The company acceded to the union's demands. | He refused to accede to their blackmail. | The prince acceded to the throne last year. | We cannot accede to these harsh terms.,sat_300_plus_vocab_dataset,16,2026-05-19 22:10:19.21454+00,2026-05-19 22:10:19.21454+00
330,acquiesce,accept without protest,The mayor did not endorse the plan but chose to acquiesce under pressure. | She will never acquiesce to such unfair rules. | They acquiesced to the manager's decision quietly. | He acquiesced out of sheer exhaustion. | The board acquiesced in the merger.,sat_300_plus_vocab_dataset,18,2026-05-19 22:10:19.21454+00,2026-05-19 22:10:19.21454+00
331,acumen,sharp practical judgment,Her financial acumen helped the museum survive a difficult funding year. | He lacks the business acumen to run a startup. | Her political acumen is unmatched. | The investor displayed remarkable market acumen. | It takes great acumen to solve this puzzle.,sat_300_plus_vocab_dataset,19,2026-05-19 22:10:19.21454+00,2026-05-19 22:10:19.21454+00
332,admonish,warn or scold firmly,The editor admonished the reporter for presenting rumor as fact. | The teacher admonished the students for talking. | She admonished him to be careful on the ice. | The judge admonished the lawyer's behavior. | He was gently admonished for his tardiness.,sat_300_plus_vocab_dataset,20,2026-05-19 22:10:19.21454+00,2026-05-19 22:10:19.21454+00
336,affinity,natural liking or connection,The poet had an affinity for images drawn from ordinary city life. | He has a natural affinity for foreign languages. | She felt an immediate affinity with the stray dog. | There is a close affinity between the two theories. | His affinity for nature led him to forestry.,sat_300_plus_vocab_dataset,24,2026-05-19 22:10:19.21454+00,2026-05-19 22:10:19.21454+00
337,aggrandize,increase power or status,The ruler used public works to aggrandize himself rather than serve citizens. | The CEO sought to aggrandize his own reputation. | They used the charity to aggrandize their wealth. | His speech was an attempt to aggrandize his achievements. | The empire sought to aggrandize its borders.,sat_300_plus_vocab_dataset,25,2026-05-19 22:10:19.21454+00,2026-05-19 22:10:19.21454+00
350,apathetic,showing little interest,Voters seemed apathetic until the school closure made the election feel urgent. | The students were apathetic toward the guest speaker. | He grew apathetic about his career after the demotion. | The public remains apathetic about local politics. | An apathetic workforce reduces overall productivity.,sat_300_plus_vocab_dataset,38,2026-05-19 22:10:19.21454+00,2026-05-19 22:10:19.21454+00
353,approbation,formal approval or praise,The proposal received the board's approbation after months of revision. | The author sought the approbation of her peers. | The project was met with widespread approbation. | He smiled at the teacher's nod of approbation. | The budget passed with the mayor's explicit approbation.,sat_300_plus_vocab_dataset,41,2026-05-19 22:10:19.21454+00,2026-05-19 22:10:19.21454+00
358,artifice,clever trick or deception,The magician's artifice depended on directing attention away from his hands. | The politician used artifice to dodge the question. | Her tears were merely an artifice to gain sympathy. | The plot of the movie relies on clever artifice. | He saw through the salesman's cheap artifice.,sat_300_plus_vocab_dataset,46,2026-05-19 22:10:19.21454+00,2026-05-19 22:10:19.21454+00
359,ascetic,self denying and austere,The monk's ascetic routine left little room for comfort or distraction. | The hermit lived an ascetic life in the mountains. | She adopted an ascetic diet to improve her health. | His ascetic apartment contained only a bed and a desk. | The ascetic practices included long periods of fasting.,sat_300_plus_vocab_dataset,47,2026-05-19 22:10:19.21454+00,2026-05-19 22:10:19.21454+00
360,asperity,harshness of tone,The professor's asperity faded when the nervous student explained the mistake. | He replied with surprising asperity to the simple question. | The asperity of the winter wind was brutal. | She spoke with an asperity that shocked her friends. | The manager's asperity alienated his employees.,sat_300_plus_vocab_dataset,48,2026-05-19 22:10:19.21454+00,2026-05-19 22:10:19.21454+00
361,assuage,soothe or relieve,A clear apology helped assuage the anger of the overlooked volunteers. | The mother tried to assuage her child's fears of the dark. | A heavy meal will assuage your hunger. | He donated to charity to assuage his guilt. | The cool water assuaged the burning sensation.,sat_300_plus_vocab_dataset,49,2026-05-19 22:10:19.21454+00,2026-05-19 22:10:19.21454+00
363,attenuate,weaken or reduce,Distance attenuates sound so the bells seemed faint across the lake. | The earplugs attenuate the noise of the machinery. | The drug was designed to attenuate the virus's effects. | The atmosphere attenuates the sun's radiation. | Her influence began to attenuate after the scandal.,sat_300_plus_vocab_dataset,51,2026-05-19 22:10:19.21454+00,2026-05-19 22:10:19.21454+00
365,avarice,greed for wealth,The fable warns that avarice can make prosperity feel like poverty. | The corrupt official was driven by sheer avarice. | His avarice led him to embezzle company funds. | Avarice destroyed their long-standing friendship. | The novel critiques the avarice of the upper class.,sat_300_plus_vocab_dataset,53,2026-05-19 22:10:19.21454+00,2026-05-19 22:10:19.21454+00
366,aver,state with confidence,The biologist averred that the pattern was real rather than accidental. | The witness averred that she had seen the defendant at the scene. | He averred his innocence until the very end. | The company avers that its products are entirely safe. | She averred that the painting was a genuine masterpiece.,sat_300_plus_vocab_dataset,54,2026-05-19 22:10:19.21454+00,2026-05-19 22:10:19.21454+00
370,belligerent,hostile and aggressive,The belligerent response turned a minor disagreement into a public feud. | The drunk customer became belligerent with the bartender. | Two belligerent nations amassed troops on the border. | His belligerent attitude made teamwork impossible. | She gave him a belligerent glare across the room.,sat_300_plus_vocab_dataset,58,2026-05-19 22:10:19.21454+00,2026-05-19 22:10:19.21454+00
373,brazen,bold without shame,The brazen forgery included a signature copied from a museum poster. | The thieves made a brazen daytime robbery. | He told a brazen lie right to her face. | Her brazen disrespect for authority shocked the class. | The brazen request for more money was denied immediately.,sat_300_plus_vocab_dataset,61,2026-05-19 22:10:19.21454+00,2026-05-19 22:10:19.21454+00
377,buttress,support or reinforce,The lawyer cited precedent to buttress her argument before the court. | The stone walls were supported by massive wooden buttresses. | He gathered more data to buttress his theory. | The emotional support from his friends buttressed his resolve. | The treaty was designed to buttress regional security.,sat_300_plus_vocab_dataset,65,2026-05-19 22:10:19.21454+00,2026-05-19 22:10:19.21454+00
378,cacophony,harsh mixture of sounds,The market's cacophony made it hard to hear the guide's instructions. | A cacophony of car horns echoed through the tunnel. | The orchestra tuning up created a terrible cacophony. | The classroom became a cacophony of shouting children. | He couldn't think straight in the cacophony of the factory.,sat_300_plus_vocab_dataset,66,2026-05-19 22:10:19.21454+00,2026-05-19 22:10:19.21454+00
381,castigate,criticize in a severe way,Reviewers castigated the report for ignoring evidence that contradicted its claims. | The principal castigated the students for their vandalism. | She castigated herself for making such a foolish error. | The media castigated the politician for the scandal. | He was castigated by his coach for missing practice.,sat_300_plus_vocab_dataset,69,2026-05-19 22:10:19.21454+00,2026-05-19 22:10:19.21454+00
382,catalyze,cause action or change,The discovery catalyzed a new debate about how the species evolved. | The enzyme helps catalyze the chemical reaction. | The protest catalyzed a nationwide movement for reform. | The new CEO catalyzed a massive restructuring. | The tragic event catalyzed her desire to help others.,sat_300_plus_vocab_dataset,70,2026-05-19 22:10:19.21454+00,2026-05-19 22:10:19.21454+00
385,chicanery,trickery or deception,The contract's confusing language seemed designed for chicanery rather than clarity. | The accountant was fired for financial chicanery. | Political chicanery ruined the election process. | He resorted to chicanery to win the game. | The plot involved layers of corporate chicanery.,sat_300_plus_vocab_dataset,73,2026-05-19 22:10:19.21454+00,2026-05-19 22:10:19.21454+00
386,circumscribe,limit or restrict,Budget rules circumscribed the director's ability to hire additional staff. | The fence circumscribes the perimeter of the property. | His influence is strictly circumscribed by the new laws. | A circle can cleanly circumscribe the triangle. | Our options are circumscribed by a lack of time.,sat_300_plus_vocab_dataset,74,2026-05-19 22:10:19.21454+00,2026-05-19 22:10:19.21454+00
387,clamorous,loud and demanding,A clamorous crowd gathered outside the station after the trains stopped. | The clamorous demands of the protesters echoed in the square. | A flock of clamorous birds woke me at dawn. | The kitchen was a clamorous environment during the dinner rush. | He tried to silence the clamorous children.,sat_300_plus_vocab_dataset,75,2026-05-19 22:10:19.21454+00,2026-05-19 22:10:19.21454+00
390,coherent,logical and consistent,The scattered notes became a coherent argument after careful organization. | The patient was barely coherent after the accident. | The team lacked a coherent strategy. | She explained the complex theory in a coherent way. | The novel's plot is tight and coherent.,sat_300_plus_vocab_dataset,78,2026-05-19 22:10:19.21454+00,2026-05-19 22:10:19.21454+00
394,concomitant,naturally happening along with,Greater freedom brought a concomitant need for stronger personal responsibility. | The drug's concomitant side effects include nausea. | The rise in pollution is a concomitant of industrial growth. | Concomitant symptoms make the disease hard to diagnose. | The concomitant rain and wind caused severe damage.,sat_300_plus_vocab_dataset,82,2026-05-19 22:10:19.21454+00,2026-05-19 22:10:19.21454+00
395,conjectural,based on guesswork,The article's conclusion remained conjectural because the key records were missing. | The theory is purely conjectural at this stage. | Her timeline of events is largely conjectural. | Conjectural evidence is not enough for a conviction. | The alien life hypothesis is highly conjectural.,sat_300_plus_vocab_dataset,83,2026-05-19 22:10:19.21454+00,2026-05-19 22:10:19.21454+00
399,contravene,violate or oppose,The policy would contravene the law if applied to private speech. | The company's actions contravene international trade agreements. | Do not contravene the rules of the competition. | The new evidence contravenes the initial report. | To contravene this order will result in immediate termination.,sat_300_plus_vocab_dataset,87,2026-05-19 22:10:19.21454+00,2026-05-19 22:10:19.21454+00
400,conundrum,difficult puzzle or problem,The missing data created a conundrum that no simple model could solve. | The ethical conundrum kept the philosopher awake at night. | Finding a cure for the disease is a medical conundrum. | He faced the conundrum of choosing between two great jobs. | The locked room presented a classic mystery conundrum.,sat_300_plus_vocab_dataset,88,2026-05-19 22:10:19.21454+00,2026-05-19 22:10:19.21454+00
403,coterie,small exclusive group,A coterie of critics shaped the magazine's tastes for decades. | The president is surrounded by a loyal coterie of advisors. | A small coterie of artists dominated the gallery scene. | The exclusive club was run by a wealthy coterie. | She belonged to a fashionable coterie in Paris.,sat_300_plus_vocab_dataset,91,2026-05-19 22:10:19.21454+00,2026-05-19 22:10:19.21454+00
407,cynical,distrustful of motives,The columnist's cynical tone suggested every reformer sought only power. | He is cynical about politicians and their promises. | Her cynical worldview makes it hard for her to trust people. | The cynical marketing campaign exploited people's fears. | A cynical laugh escaped him.,sat_300_plus_vocab_dataset,95,2026-05-19 22:10:19.21454+00,2026-05-19 22:10:19.21454+00
408,daunting,intimidating because of difficulty,The project seemed daunting until the class divided it into smaller tasks. | Climbing Everest is a truly daunting challenge. | She faced the daunting task of cleaning the entire house. | The daunting list of requirements discouraged many applicants. | The financial cost of the reform is daunting.,sat_300_plus_vocab_dataset,96,2026-05-19 22:10:19.21454+00,2026-05-19 22:10:19.21454+00
409,dearth,lack or scarcity,A dearth of reliable records made the early history difficult to reconstruct. | There is a glaring dearth of women in leadership roles here. | The region suffers from a dearth of clean drinking water. | The dearth of evidence led to an acquittal. | We face a dearth of creative ideas.,sat_300_plus_vocab_dataset,97,2026-05-19 22:10:19.21454+00,2026-05-19 22:10:19.21454+00
410,decorous,proper and restrained,The ceremony remained decorous despite strong disagreement among the guests. | The Victorian era was known for its decorous behavior. | She maintained a decorous silence during the outburst. | The party was a highly decorous affair. | His decorous manner impressed the strict grandmother.,sat_300_plus_vocab_dataset,98,2026-05-19 22:10:19.21454+00,2026-05-19 22:10:19.21454+00
411,deference,respectful yielding to others,The intern listened with deference when the veteran engineer explained the flaw. | They bowed in deference to the visiting king. | Out of deference to her age we gave her the best seat. | He treats his mentors with immense deference. | The decision was made in deference to public opinion.,sat_300_plus_vocab_dataset,99,2026-05-19 22:10:19.21454+00,2026-05-19 22:10:19.21454+00
412,deft,skillful and quick,The novelist made a deft transition from humor to grief. | The surgeon's deft hands completed the procedure flawlessly. | She made a deft maneuver to avoid the pothole. | The politician's deft handling of the crisis saved his career. | A deft touch is required to paint the miniature.,sat_300_plus_vocab_dataset,100,2026-05-19 22:10:19.21454+00,2026-05-19 22:10:19.21454+00
415,deprecate,express disapproval of,The author deprecated the myth that genius requires isolation. | He is fiercely self-deprecating when discussing his own success. | The software update deprecated several older features. | She deprecated the violent protests. | The professor deprecated the use of unverified sources.,sat_300_plus_vocab_dataset,103,2026-05-19 22:10:19.21454+00,2026-05-19 22:10:19.21454+00
419,deter,discourage from acting,Higher fines may deter companies from dumping waste illegally. | The heavy rain did not deter the marathon runners. | The security cameras are meant to deter theft. | Nothing will deter him from achieving his goal. | The harsh criticism failed to deter her.,sat_300_plus_vocab_dataset,107,2026-05-19 22:10:19.21454+00,2026-05-19 22:10:19.21454+00
420,detriment,source of harm,The shortcut saved time but worked to the detriment of accuracy. | He worked long hours to the detriment of his health. | The new tax will be a detriment to small businesses. | The rumors caused serious detriment to her reputation. | Excessive screen time can be a detriment to sleep.,sat_300_plus_vocab_dataset,108,2026-05-19 22:10:19.21454+00,2026-05-19 22:10:19.21454+00
424,diminution,decrease or reduction,The river's diminution alarmed farmers who depended on it for irrigation. | There has been a steady diminution of the local wildlife. | The treaty led to a diminution of nuclear weapons. | A diminution in sales caused the store to close. | Aging often brings a diminution of physical strength.,sat_300_plus_vocab_dataset,112,2026-05-19 22:10:19.21454+00,2026-05-19 22:10:19.21454+00
425,disabuse,free from false belief,The coach tried to disabuse players of the idea that talent replaced practice. | Let me disabuse you of the notion that this will be easy. | The article disabuses readers of common medical myths. | He quickly disabused her of the romanticized view of war. | The failure disabused him of his arrogance.,sat_300_plus_vocab_dataset,113,2026-05-19 22:10:19.21454+00,2026-05-19 22:10:19.21454+00
427,discordant,conflicting or harsh,The cheerful music felt discordant with the scene of abandoned streets. | The orchestra sounded discordant during the first rehearsal. | Her loud laughter was discordant in the quiet library. | The meeting ended with discordant views on the budget. | The two witness accounts were completely discordant.,sat_300_plus_vocab_dataset,115,2026-05-19 22:10:19.21454+00,2026-05-19 22:10:19.21454+00
432,dissident,opposing official views,Dissident writers circulated essays that challenged the regime's version of history. | The dissident group protested outside the embassy. | The government arrested the outspoken dissident. | Dissident voices were quickly silenced by the dictator. | The church expelled the dissident members.,sat_300_plus_vocab_dataset,120,2026-05-19 22:10:19.21454+00,2026-05-19 22:10:19.21454+00
433,doctrinaire,rigidly guided by ideology,His doctrinaire approach left no room for evidence that complicated the theory. | The doctrinaire communist refused to accept market reforms. | Her views are too doctrinaire for mainstream politics. | The party became increasingly doctrinaire over time. | He gave a doctrinaire speech that alienated moderates.,sat_300_plus_vocab_dataset,121,2026-05-19 22:10:19.21454+00,2026-05-19 22:10:19.21454+00
438,edifying,morally or intellectually useful,The documentary was edifying because it explained both the science and the stakes. | The lecture on classical architecture was highly edifying. | I found his perspective on the matter to be quite edifying. | The fable provides an edifying lesson for children. | The religious retreat proved to be a deeply edifying experience.,sat_300_plus_vocab_dataset,126,2026-05-19 22:10:19.21454+00,2026-05-19 22:10:19.21454+00
441,egalitarian,favoring equal rights,The club adopted egalitarian rules that gave every member one vote. | The Scandinavian countries are known for their egalitarian societies. | The school promotes an egalitarian learning environment. | The constitution is built on egalitarian principles. | They share household chores in a strictly egalitarian manner.,sat_300_plus_vocab_dataset,129,2026-05-19 22:10:19.21454+00,2026-05-19 22:10:19.21454+00
443,elicit,draw out a response,The photograph elicited memories that the interview questions had missed. | The comedian failed to elicit any laughter from the audience. | The survey is designed to elicit honest opinions. | The police used harsh tactics to elicit a confession. | Her sad story elicited tears from the listeners.,sat_300_plus_vocab_dataset,131,2026-05-19 22:10:19.21454+00,2026-05-19 22:10:19.21454+00
444,elucidate,make clear or understandable,The diagram helped elucidate a process the text described poorly. | The professor tried to elucidate the complex theorem. | Could you elucidate that concept further? | The footnotes serve to elucidate the poem's historical references. | The investigation will hopefully elucidate the cause of the fire.,sat_300_plus_vocab_dataset,132,2026-05-19 22:10:19.21454+00,2026-05-19 22:10:19.21454+00
446,encumber,burden or hinder,Excessive paperwork can encumber teachers who need time for students. | The hiker was encumbered by a heavy backpack. | The estate is encumbered with massive debts. | Do not encumber the project with unnecessary features. | The strict regulations encumber small businesses.,sat_300_plus_vocab_dataset,134,2026-05-19 22:10:19.21454+00,2026-05-19 22:10:19.21454+00
447,endemic,regularly found in place,Corruption had become endemic in the agency before the reforms began. | Malaria is endemic in many tropical regions. | This species of bird is endemic to the island. | Apathy seems endemic among the current voter base. | The endemic disease wiped out the crop.,sat_300_plus_vocab_dataset,135,2026-05-19 22:10:19.21454+00,2026-05-19 22:10:19.21454+00
452,equanimity,calm under stress,The pilot handled the emergency with remarkable equanimity. | She accepted the devastating news with surprising equanimity. | The monk maintained his equanimity despite the chaos around him. | It is hard to keep your equanimity during a heated argument. | His equanimity in the face of danger is legendary.,sat_300_plus_vocab_dataset,140,2026-05-19 22:10:19.21454+00,2026-05-19 22:10:19.21454+00
453,equivocate,avoid a clear answer,When asked about costs the official chose to equivocate. | The politician equivocated when asked about his past votes. | Stop equivocating and give me a straight answer. | The suspect equivocated during the police interrogation. | The lawyer accused the witness of equivocating on the stand.,sat_300_plus_vocab_dataset,141,2026-05-19 22:10:19.21454+00,2026-05-19 22:10:19.21454+00
454,erratic,irregular or unpredictable,Erratic attendance made it difficult to measure the program's impact. | The patient's heartbeat was erratic and weak. | His erratic driving caught the attention of the police. | The stock market has been highly erratic this week. | The bird's erratic flight path suggested an injured wing.,sat_300_plus_vocab_dataset,142,2026-05-19 22:10:19.21454+00,2026-05-19 22:10:19.21454+00
457,estimable,worthy of respect,Her estimable commitment to accuracy earned the trust of colleagues. | The foundation made an estimable contribution to the arts. | He is an estimable opponent on the debate stage. | The judge has an estimable record of fairness. | Her estimable efforts saved the historic building.,sat_300_plus_vocab_dataset,145,2026-05-19 22:10:19.21454+00,2026-05-19 22:10:19.21454+00
458,evasive,avoiding direct answers,The witness sounded evasive when asked about the missing funds. | The military aircraft took evasive action to dodge the missile. | He gave an evasive reply regarding his whereabouts last night. | Her evasive behavior made everyone suspicious. | The evasive animal disappeared into the dense brush.,sat_300_plus_vocab_dataset,146,2026-05-19 22:10:19.21454+00,2026-05-19 22:10:19.21454+00
459,exacting,requiring great care,Restoring the fragile manuscript was exacting work. | The exacting chef demanded perfection from his kitchen staff. | Writing computer code is an extremely exacting process. | The exacting standards of the factory ensured high quality. | She is an exacting teacher who accepts no excuses.,sat_300_plus_vocab_dataset,147,2026-05-19 22:10:19.21454+00,2026-05-19 22:10:19.21454+00
463,exonerate,prove not guilty,The DNA results helped exonerate a man wrongly convicted years earlier. | The internal investigation exonerated the mayor. | The dashcam video will exonerate the driver. | The committee voted to exonerate the accused student. | He felt immense relief when the court exonerated him.,sat_300_plus_vocab_dataset,151,2026-05-19 22:10:19.21454+00,2026-05-19 22:10:19.21454+00
466,facetious,joking at an inappropriate time,His facetious remark annoyed colleagues who were discussing a serious risk. | Please stop being facetious during the safety briefing. | She offered a facetious apology that only angered him more. | The tone of the article was entirely facetious. | The judge did not appreciate the lawyer's facetious comments.,sat_300_plus_vocab_dataset,154,2026-05-19 22:10:19.21454+00,2026-05-19 22:10:19.21454+00
469,felicitous,apt and well chosen,Her felicitous phrase captured the novel's central tension. | The weather was incredibly felicitous for the outdoor wedding. | He has a talent for finding the most felicitous words. | The felicitous outcome of the negotiation pleased everyone. | It was a highly felicitous arrangement for both companies.,sat_300_plus_vocab_dataset,157,2026-05-19 22:10:19.21454+00,2026-05-19 22:10:19.21454+00
471,florid,overly elaborate or ornate,The florid description buried a simple idea under decorative language. | The Victorian mansion is known for its florid architecture. | His florid complexion suggested he had been in the sun too long. | The composer's florid style is not to everyone's taste. | She gave a florid speech filled with grand metaphors.,sat_300_plus_vocab_dataset,159,2026-05-19 22:10:19.21454+00,2026-05-19 22:10:19.21454+00
472,foible,minor character flaw,The biography treats the inventor's impatience as a foible rather than a vice. | His habit of constantly checking his watch is a minor foible. | We must learn to accept the foibles of our friends. | The sitcom highlights the amusing foibles of everyday life. | Her obsession with grammar is a well-known foible.,sat_300_plus_vocab_dataset,160,2026-05-19 22:10:19.21454+00,2026-05-19 22:10:19.21454+00
475,fractious,irritable and hard to manage,The fractious committee struggled to agree on even minor revisions. | The exhausted children became fractious during the long drive. | The fractious political climate prevents any real progress. | The horses grew fractious as the thunderstorm approached. | A fractious debate delayed the passage of the bill.,sat_300_plus_vocab_dataset,163,2026-05-19 22:10:19.21454+00,2026-05-19 22:10:19.21454+00
476,frugal,careful with money,The frugal director reused sets rather than exceed the theater's budget. | The frugal shopper clipped coupons for hours. | They lived a frugal lifestyle to save for a house. | The frugal meal consisted of beans and rice. | Being frugal is not the same as being cheap.,sat_300_plus_vocab_dataset,164,2026-05-19 22:10:19.21454+00,2026-05-19 22:10:19.21454+00
477,furtive,secretive or stealthy,His furtive glance at the door made the guard suspicious. | The spy made a furtive exchange in the crowded park. | The dog gave a furtive sniff at the forbidden cake. | They exchanged furtive whispers during the exam. | A furtive figure slipped into the alleyway.,sat_300_plus_vocab_dataset,165,2026-05-19 22:10:19.21454+00,2026-05-19 22:10:19.21454+00
478,galvanize,spur into action,The fire galvanized residents to demand stronger safety rules. | The shocking documentary galvanized public opinion on climate change. | The coach's halftime speech galvanized the losing team. | The tragedy galvanized the nation into passing stricter laws. | The successful protest galvanized the labor movement.,sat_300_plus_vocab_dataset,166,2026-05-19 22:10:19.21454+00,2026-05-19 22:10:19.21454+00
480,glib,smooth but shallow,The answer was glib and ignored the problem's real complexity. | The glib salesman sold them a defective car. | Her glib apology failed to convince anyone of her sincerity. | The politician is known for his glib debate style. | The glib remark was considered highly insensitive.,sat_300_plus_vocab_dataset,168,2026-05-19 22:10:19.21454+00,2026-05-19 22:10:19.21454+00
483,halting,hesitant and uneven,Her halting explanation suggested she had not fully understood the procedure. | The toddler took halting steps across the living room. | The old engine started with a halting sputter. | His halting English made communication difficult. | The peace talks moved forward at a halting pace.,sat_300_plus_vocab_dataset,171,2026-05-19 22:10:19.21454+00,2026-05-19 22:10:19.21454+00
485,heuristic,practical problem solving shortcut,The rule was a useful heuristic rather than a perfect law. | The programmer designed a heuristic algorithm to sort the massive data. | Using a heuristic approach saves time on complex puzzles. | The heuristic method is not guaranteed to find the absolute best answer. | Teachers use heuristic techniques to encourage independent thinking.,sat_300_plus_vocab_dataset,173,2026-05-19 22:10:19.21454+00,2026-05-19 22:10:19.21454+00
486,hubris,excessive and dangerous pride,The leader's hubris made him ignore warnings from experienced advisers. | The tragedy of the play is caused by the hero's hubris. | The company's hubris led to its eventual bankruptcy. | His hubris convinced him he could never fail. | The myth of Icarus is a classic tale of deadly hubris.,sat_300_plus_vocab_dataset,174,2026-05-19 22:10:19.21454+00,2026-05-19 22:10:19.21454+00
488,ignominious,shameful and humiliating,The champion suffered an ignominious defeat in the opening round. | The general faced an ignominious retreat after his failed strategy. | The scandal marked an ignominious end to his political career. | The team's ignominious collapse was hard to watch. | The CEO was fired in an ignominious public disgrace.,sat_300_plus_vocab_dataset,176,2026-05-19 22:10:19.21454+00,2026-05-19 22:10:19.21454+00
491,impeccable,without any noticeable flaws,Her impeccable citations made the paper easy to verify. | The butler's manners were always impeccable. | The violin was restored to an impeccable condition. | He spoke French with an impeccable accent. | The logic of her argument is impeccable.,sat_300_plus_vocab_dataset,179,2026-05-19 22:10:19.21454+00,2026-05-19 22:10:19.21454+00
495,inadvertent,done without intending it,An inadvertent omission in the chart changed the report's meaning. | The inadvertent deletion of the file caused a panic. | He offered an inadvertent insult by forgetting her name. | The discovery of the new chemical was entirely inadvertent. | The loud noise caused an inadvertent flinch.,sat_300_plus_vocab_dataset,183,2026-05-19 22:10:19.21454+00,2026-05-19 22:10:19.21454+00
498,indefatigable,tireless and persistent,The indefatigable organizer visited every neighborhood before the vote. | The indefatigable runner finished the ultramarathon with a smile. | Her indefatigable spirit inspired the whole team. | The indefatigable search dogs finally found the survivor. | He is an indefatigable champion for human rights.,sat_300_plus_vocab_dataset,186,2026-05-19 22:10:19.21454+00,2026-05-19 22:10:19.21454+00
499,indifferent,having no strong preference,The committee was indifferent between the two dates because attendance was similar. | The universe is entirely indifferent to human suffering. | The cat seemed indifferent to the new toy. | He gave an indifferent shrug when asked what to eat. | The indifferent service at the restaurant ruined the evening.,sat_300_plus_vocab_dataset,187,2026-05-19 22:10:19.21454+00,2026-05-19 22:10:19.21454+00
503,ingenuous,innocent and sincere,Her ingenuous questions revealed curiosity rather than ignorance. | The ingenuous child believed every word the magician said. | An ingenuous smile lit up her face. | The ingenuous confession shocked the cynical detectives. | It is rare to find such an ingenuous person in politics.,sat_300_plus_vocab_dataset,191,2026-05-19 22:10:19.21454+00,2026-05-19 22:10:19.21454+00
510,inveterate,deep rooted and habitual,Because she was an inveterate reader she carried a novel everywhere. | The inveterate gambler lost his house at the casino. | He is an inveterate liar who cannot be trusted. | The inveterate traveler has visited over a hundred countries. | My grandfather is an inveterate tinkerer who fixes everything.,sat_300_plus_vocab_dataset,198,2026-05-19 22:10:19.21454+00,2026-05-19 22:10:19.21454+00
514,languid,slow and weak,The speech had a languid pace that made the audience restless. | The heat made us all feel languid and lazy. | The river flowed in a languid stream toward the sea. | She raised a languid hand in greeting. | The patient showed a languid response to the medication.,sat_300_plus_vocab_dataset,202,2026-05-19 22:10:19.21454+00,2026-05-19 22:10:19.21454+00
522,modicum,a small amount,The plan had a modicum of merit despite its unrealistic timeline. | The judge expects at least a modicum of respect in his courtroom. | The new evidence provided a modicum of hope for the defense. | A modicum of effort would have saved the project. | He showed not even a modicum of remorse for his crime.,sat_300_plus_vocab_dataset,210,2026-05-19 22:10:19.21454+00,2026-05-19 22:10:19.21454+00
524,mundane,ordinary and unremarkable,The essay finds beauty in mundane tasks such as washing dishes. | The mundane reality of office work crushed his artistic dreams. | They discussed mundane topics like the weather and traffic. | The mundane design of the building hides its advanced technology. | She escaped her mundane life through reading fantasy novels.,sat_300_plus_vocab_dataset,212,2026-05-19 22:10:19.21454+00,2026-05-19 22:10:19.21454+00
529,oblique,indirect or slanted,The novelist used oblique references rather than naming the scandal directly. | He gave an oblique glance toward the door. | The politician's oblique answers annoyed the journalists. | The sunlight struck the mirror at an oblique angle. | The oblique strategy caught the enemy completely off guard.,sat_300_plus_vocab_dataset,217,2026-05-19 22:10:19.21454+00,2026-05-19 22:10:19.21454+00
530,obscure,make hard to understand,Technical jargon can obscure ideas that are actually simple. | The thick fog obscured the lighthouse from view. | The details of the treaty obscure its true intent. | Time has obscured the origins of this ancient holiday. | The complex syntax obscures the poem's meaning.,sat_300_plus_vocab_dataset,218,2026-05-19 22:10:19.21454+00,2026-05-19 22:10:19.21454+00
531,obtuse,slow to understand,His obtuse response showed that he missed the joke entirely. | The obtuse student failed to grasp the simple concept. | She wondered if he was being deliberately obtuse. | The obtuse angle is greater than ninety degrees. | The obtuse handling of the crisis cost the mayor the election.,sat_300_plus_vocab_dataset,219,2026-05-19 22:10:19.21454+00,2026-05-19 22:10:19.21454+00
533,opportunistic,taking selfish advantage,The opportunistic firm raised prices during the shortage. | The opportunistic infection struck while his immune system was weak. | The opportunistic thief grabbed the purse when she looked away. | The opportunistic politician changed parties to win the election. | The opportunistic predator waits for the weak to fall behind.,sat_300_plus_vocab_dataset,221,2026-05-19 22:10:19.21454+00,2026-05-19 22:10:19.21454+00
534,orthodox,conventional or accepted,Her findings challenged the orthodox view of how the empire declined. | The orthodox treatment for the disease is a course of antibiotics. | He holds extremely orthodox religious views. | The orthodox approach to teaching math emphasizes memorization. | The artist rejected orthodox techniques in favor of abstraction.,sat_300_plus_vocab_dataset,222,2026-05-19 22:10:19.21454+00,2026-05-19 22:10:19.21454+00
536,paradoxical,seemingly self contradictory,It seemed paradoxical that stricter rules produced greater creativity. | The paradoxical nature of light allows it to be both wave and particle. | The medicine had a paradoxical effect and made her worse. | The paradoxical statement revealed a hidden truth. | His paradoxical behavior confuses his friends constantly.,sat_300_plus_vocab_dataset,224,2026-05-19 22:10:19.21454+00,2026-05-19 22:10:19.21454+00
538,parsimonious,unwilling to spend,The parsimonious owner delayed repairs until the roof collapsed. | The parsimonious boss refused to buy new chairs for the office. | A parsimonious approach to funding will doom the project. | The parsimonious billionaire drove a twenty-year-old car. | The government was parsimonious with its relief funds.,sat_300_plus_vocab_dataset,226,2026-05-19 22:10:19.21454+00,2026-05-19 22:10:19.21454+00
541,perfidious,treacherous and deceitful,The spy's perfidious actions endangered colleagues who trusted him. | The perfidious ally signed a secret treaty with the enemy. | A perfidious lover breaks hearts without a second thought. | The perfidious plot to overthrow the king was discovered. | His perfidious betrayal shocked the entire team.,sat_300_plus_vocab_dataset,229,2026-05-19 22:10:19.21454+00,2026-05-19 22:10:19.21454+00
548,precipitate,cause to happen suddenly,One careless remark can precipitate a conflict that lasts for years. | The assassination precipitated the start of the war. | The sudden drop in temperature precipitated a severe snowstorm. | The scandal precipitated his resignation from the board. | The chemical reaction precipitates a solid compound.,sat_300_plus_vocab_dataset,236,2026-05-19 22:10:19.21454+00,2026-05-19 22:10:19.21454+00
552,pretentious,trying to seem important,The restaurant's pretentious menu made simple dishes sound mysterious. | The pretentious art critic used words nobody understood. | He drove a pretentious sports car to impress his neighbors. | The pretentious novel tries too hard to be philosophical. | The pretentious decor makes the house feel like a museum.,sat_300_plus_vocab_dataset,240,2026-05-19 22:10:19.21454+00,2026-05-19 22:10:19.21454+00
554,propitious,favorable for success,Clear skies made the morning propitious for launching the balloon. | The propitious alignment of events led to his promotion. | It is a propitious time to start a new business. | The propitious omen gave the soldiers courage. | The peace talks began under propitious circumstances.,sat_300_plus_vocab_dataset,242,2026-05-19 22:10:19.21454+00,2026-05-19 22:10:19.21454+00
560,recondite,difficult and obscure,The lecture on recondite physics lost most of the audience. | The book explores recondite philosophical concepts. | The recondite manuscript is written in a dead language. | He possesses recondite knowledge of medieval alchemy. | The recondite details of the tax code baffle most people.,sat_300_plus_vocab_dataset,248,2026-05-19 22:10:19.21454+00,2026-05-19 22:10:19.21454+00
561,redress,remedy or compensation,The law offered redress to workers who had been unfairly dismissed. | The victims sought redress in civil court. | The king promised redress for the wrongs committed by his soldiers. | The apology was a small step toward redress. | The union demanded immediate redress for the safety violations.,sat_300_plus_vocab_dataset,249,2026-05-19 22:10:19.21454+00,2026-05-19 22:10:19.21454+00
564,reproach,express criticism or disapproval,Her silence felt like a reproach after his careless comment. | His conduct was entirely beyond reproach. | The teacher's mild reproach corrected the student's behavior. | The look of reproach in the dog's eyes made me feel guilty. | The official faced severe reproach for his mishandling of the crisis.,sat_300_plus_vocab_dataset,252,2026-05-19 22:10:19.21454+00,2026-05-19 22:10:19.21454+00
565,resilient,able to recover,The resilient ecosystem began to recover once pollution declined. | The resilient rubber bounces back to its original shape. | Children are often incredibly resilient after a tragedy. | The resilient athlete recovered quickly from the injury. | The economy proved resilient despite the global recession.,sat_300_plus_vocab_dataset,253,2026-05-19 22:10:19.21454+00,2026-05-19 22:10:19.21454+00
567,robust,strong and effective,The model remained robust even when tested with new data. | The robust coffee woke him up immediately. | The economy is robust enough to survive the crisis. | The robust defense prevented any goals. | The robust machinery is designed for heavy industrial use.,sat_300_plus_vocab_dataset,255,2026-05-19 22:10:19.21454+00,2026-05-19 22:10:19.21454+00
568,sagacious,wise and perceptive,The sagacious adviser anticipated problems before they became public. | The sagacious judge ruled with perfect fairness. | The sagacious old owl is a symbol of wisdom. | A sagacious investor buys when others are fearful. | The sagacious leader guided his people through the famine.,sat_300_plus_vocab_dataset,256,2026-05-19 22:10:19.21454+00,2026-05-19 22:10:19.21454+00
574,solicitous,showing attentive concern,The nurse was solicitous without making the patient feel helpless. | The solicitous host ensured everyone had enough to eat. | He made solicitous inquiries about her sick mother. | The overly solicitous waiter interrupted our meal constantly. | Her solicitous nature makes her a wonderful caregiver.,sat_300_plus_vocab_dataset,262,2026-05-19 22:10:19.21454+00,2026-05-19 22:10:19.21454+00
578,stringent,strict and demanding,Stringent safety standards reduced accidents in the factory. | The stringent requirements eliminated most of the applicants. | The stringent laws prevent any unauthorized access. | The stringent diet allows no sugar or carbohydrates. | The military academy is known for its stringent discipline.,sat_300_plus_vocab_dataset,266,2026-05-19 22:10:19.21454+00,2026-05-19 22:10:19.21454+00
585,timorous,fearful and hesitant,The timorous intern avoided presenting ideas until encouraged by her mentor. | The timorous rabbit hid in the bushes. | The timorous child clung to his mother's hand. | A timorous knock on the door startled me. | The timorous request for a raise was denied.,sat_300_plus_vocab_dataset,273,2026-05-19 22:10:19.21454+00,2026-05-19 22:10:19.21454+00
598,vitriolic,bitterly harsh in tone,The vitriolic comments discouraged reasonable discussion. | The vitriolic editorial attacked the mayor personally. | The vitriolic debate destroyed their friendship. | The vitriolic acid burned through the metal table. | The vitriolic review caused the play to close early.,sat_300_plus_vocab_dataset,286,2026-05-19 22:10:19.21454+00,2026-05-19 22:10:19.21454+00
602,auspicious,favorable for future success,The first trial produced auspicious results for a project many had doubted. | The sunny morning was an auspicious start to the journey. | The auspicious omen was interpreted as a sign of victory. | The auspicious beginning of the novel hooks the reader instantly. | The auspicious meeting secured the massive contract.,sat_300_plus_vocab_dataset,290,2026-05-19 22:10:19.21454+00,2026-05-19 22:10:19.21454+00
603,compunction,uneasy feeling of guilt,She copied the paragraph without compunction until the teacher discussed plagiarism. | The ruthless businessman fired the workers without a shred of compunction. | The thief showed no compunction during the trial. | A twinge of compunction made him return the found wallet. | The compunction hit him hard when he saw her crying.,sat_300_plus_vocab_dataset,291,2026-05-19 22:10:19.21454+00,2026-05-19 22:10:19.21454+00
604,decry,criticize publicly and strongly,Activists decried the policy because it punished families with few alternatives. | The mayor decried the violence in the streets. | The citizens decried the enormous tax increase. | The scientists decried the lack of funding for research. | The author decried the censorship of his latest book.,sat_300_plus_vocab_dataset,292,2026-05-19 22:10:19.21454+00,2026-05-19 22:10:19.21454+00
605,evince,show clearly or reveal,The careful footnotes evince the author's respect for skeptical readers. | The child's tears evince a deep sense of loss. | The architectural ruins evince a highly advanced ancient culture. | His letters evince a growing sense of paranoia. | The glowing review evinces the film's broad appeal.,sat_300_plus_vocab_dataset,293,2026-05-19 22:10:19.21454+00,2026-05-19 22:10:19.21454+00
608,levity,inappropriate lack of seriousness,The lawyer's levity seemed disrespectful during such a serious hearing. | A little levity is needed to break the tension in the room. | The funeral was surprisingly filled with moments of levity. | His constant levity makes it hard to discuss serious matters. | The levity of the cartoon contrasts with its dark themes.,sat_300_plus_vocab_dataset,296,2026-05-19 22:10:19.21454+00,2026-05-19 22:10:19.21454+00
610,opprobrium,harsh public criticism,The official faced opprobrium after the hidden payments became public. | The scandal brought widespread opprobrium to the entire team. | The dictator ignored the international opprobrium regarding his actions. | The opprobrium of his peers forced him to resign. | The controversial article earned the magazine severe opprobrium.,sat_300_plus_vocab_dataset,298,2026-05-19 22:10:19.21454+00,2026-05-19 22:10:19.21454+00
611,rarefied,exclusive and specialized,The conference brought together a rarefied group of experts in ancient scripts. | The climber struggled to breathe in the rarefied air near the summit. | The rarefied atmosphere of the elite club intimidated him. | The rarefied concepts are only understood by a few mathematicians. | The rarefied world of high fashion is notoriously cutthroat.,sat_300_plus_vocab_dataset,299,2026-05-19 22:10:19.21454+00,2026-05-19 22:10:19.21454+00
